/*
SQLyog Professional v12.08 (64 bit)
MySQL - 5.7.14 : Database - hehecms
*********************************************************************
*/

/*!40101 SET NAMES utf8 */;

/*!40101 SET SQL_MODE=''*/;

/*!40014 SET @OLD_UNIQUE_CHECKS=@@UNIQUE_CHECKS, UNIQUE_CHECKS=0 */;
/*!40014 SET @OLD_FOREIGN_KEY_CHECKS=@@FOREIGN_KEY_CHECKS, FOREIGN_KEY_CHECKS=0 */;
/*!40101 SET @OLD_SQL_MODE=@@SQL_MODE, SQL_MODE='NO_AUTO_VALUE_ON_ZERO' */;
/*!40111 SET @OLD_SQL_NOTES=@@SQL_NOTES, SQL_NOTES=0 */;
CREATE DATABASE /*!32312 IF NOT EXISTS*/`hehecms` /*!40100 DEFAULT CHARACTER SET latin1 */;

USE `hehecms`;

/*Table structure for table `he_admin` */

DROP TABLE IF EXISTS `he_admin`;

CREATE TABLE `he_admin` (
  `id` int(11) NOT NULL AUTO_INCREMENT,
  `username` varchar(32) COLLATE utf8_unicode_ci NOT NULL,
  `nickname` varchar(32) COLLATE utf8_unicode_ci NOT NULL COMMENT '用户昵称',
  `head_pic` varchar(255) COLLATE utf8_unicode_ci DEFAULT NULL COMMENT '用户头像',
  `auth_key` varchar(32) COLLATE utf8_unicode_ci NOT NULL,
  `password_hash` varchar(255) COLLATE utf8_unicode_ci NOT NULL,
  `password_reset_token` varchar(255) COLLATE utf8_unicode_ci DEFAULT NULL,
  `email` varchar(255) COLLATE utf8_unicode_ci NOT NULL,
  `status` smallint(6) NOT NULL DEFAULT '10',
  `created_at` int(11) NOT NULL,
  `updated_at` int(11) NOT NULL,
  PRIMARY KEY (`id`),
  KEY `index` (`id`,`username`,`email`,`status`)
) ENGINE=InnoDB AUTO_INCREMENT=3 DEFAULT CHARSET=utf8 COLLATE=utf8_unicode_ci;

/*Data for the table `he_admin` */

insert  into `he_admin`(`id`,`username`,`nickname`,`head_pic`,`auth_key`,`password_hash`,`password_reset_token`,`email`,`status`,`created_at`,`updated_at`) values (1,'admin','超级super','https://resources.alilinet.com/20181016/201810161328096595.jpg','FoFuK-WrcOayDI0_kLdRwGavKN-6mXs6','$2y$13$bK1PVK/hcl2YZzuRsp7gT.1aY74UZKg6iA4JfxwFKkbJeZ3pr3CaG',NULL,'625507659@qq.com',10,1498634445,1543299260),(2,'demo','演示账号','https://resources.alilinet.com/20180323/201803230920589741.png','MGILqfoQyFko0kLvlaOxvNRp8LgZA0Qt','$2y$13$E27DkITDZIJbC0Snm3u8e.G1uueBTI4ubsPtV5S5PjmNroxqLbHJy',NULL,'demo@qq.com',10,1521768073,1521796799);

/*Table structure for table `he_admin_log` */

DROP TABLE IF EXISTS `he_admin_log`;

CREATE TABLE `he_admin_log` (
  `id` int(11) NOT NULL AUTO_INCREMENT,
  `route` varchar(255) COLLATE utf8_unicode_ci NOT NULL,
  `url` varchar(255) COLLATE utf8_unicode_ci NOT NULL,
  `user_agent` varchar(255) COLLATE utf8_unicode_ci NOT NULL,
  `gets` text COLLATE utf8_unicode_ci,
  `posts` text COLLATE utf8_unicode_ci NOT NULL,
  `admin_id` int(11) NOT NULL,
  `admin_email` varchar(255) COLLATE utf8_unicode_ci NOT NULL,
  `ip` varchar(255) COLLATE utf8_unicode_ci NOT NULL,
  `created_at` int(11) NOT NULL,
  `updated_at` int(11) NOT NULL,
  PRIMARY KEY (`id`)
) ENGINE=InnoDB AUTO_INCREMENT=756 DEFAULT CHARSET=utf8 COLLATE=utf8_unicode_ci;

/*Data for the table `he_admin_log` */

insert  into `he_admin_log`(`id`,`route`,`url`,`user_agent`,`gets`,`posts`,`admin_id`,`admin_email`,`ip`,`created_at`,`updated_at`) values (1,'rbac/user/login','http://hehetask.admin/rbac/user/login','Mozilla/5.0 (Windows NT 6.1; Win64; x64; rv:63.0) Gecko/20100101 Firefox/63.0','[]','[]',2,'demo@qq.com','127.0.0.1',1542958693,1542958693),(2,'site/index','http://hehetask.admin/','Mozilla/5.0 (Windows NT 6.1; Win64; x64; rv:63.0) Gecko/20100101 Firefox/63.0','[]','[]',2,'demo@qq.com','127.0.0.1',1542958796,1542958796),(3,'system/user-rank/index','http://hehetask.admin/system/user-rank/index','Mozilla/5.0 (Windows NT 6.1; Win64; x64; rv:63.0) Gecko/20100101 Firefox/63.0','[]','[]',2,'demo@qq.com','127.0.0.1',1542958815,1542958815),(4,'rbac/user/index','http://hehetask.admin/rbac/user/index','Mozilla/5.0 (Windows NT 6.1; Win64; x64; rv:63.0) Gecko/20100101 Firefox/63.0','[]','[]',2,'demo@qq.com','127.0.0.1',1542958838,1542958838),(5,'site/index','http://hehetask.admin/','Mozilla/5.0 (Windows NT 6.1; Win64; x64; rv:63.0) Gecko/20100101 Firefox/63.0','[]','[]',1,'2107898148@qq.com','127.0.0.1',1542958942,1542958942),(6,'site/index','http://hehetask.admin/','Mozilla/5.0 (Windows NT 6.1; Win64; x64; rv:63.0) Gecko/20100101 Firefox/63.0','[]','[]',1,'2107898148@qq.com','127.0.0.1',1542961603,1542961603),(7,'rbac/log/index','http://hehetask.admin/rbac/log/index','Mozilla/5.0 (Windows NT 6.1; Win64; x64; rv:63.0) Gecko/20100101 Firefox/63.0','[]','[]',1,'2107898148@qq.com','127.0.0.1',1542961607,1542961607),(8,'site/index','http://hehetask.admin/','Mozilla/5.0 (Windows NT 6.1; Win64; x64; rv:63.0) Gecko/20100101 Firefox/63.0','[]','[]',1,'2107898148@qq.com','127.0.0.1',1542961608,1542961608),(9,'rbac/user/index','http://hehetask.admin/rbac/user/index','Mozilla/5.0 (Windows NT 6.1; Win64; x64; rv:63.0) Gecko/20100101 Firefox/63.0','[]','[]',1,'2107898148@qq.com','127.0.0.1',1542961610,1542961610),(10,'system/user-rank/index','http://hehetask.admin/system/user-rank/index','Mozilla/5.0 (Windows NT 6.1; Win64; x64; rv:63.0) Gecko/20100101 Firefox/63.0','[]','[]',1,'2107898148@qq.com','127.0.0.1',1542961611,1542961611),(11,'rbac/user/login','http://hehetask.admin/rbac/user/login','Mozilla/5.0 (Windows NT 6.1; Win64; x64; rv:63.0) Gecko/20100101 Firefox/63.0','[]','[]',1,'2107898148@qq.com','127.0.0.1',1542961611,1542961611),(12,'site/index','http://hehetask.admin/','Mozilla/5.0 (Windows NT 6.1; Win64; x64; rv:63.0) Gecko/20100101 Firefox/63.0','[]','[]',1,'2107898148@qq.com','127.0.0.1',1542961611,1542961611),(13,'rbac/log/view','http://hehetask.admin/rbac/log/view?id=6','Mozilla/5.0 (Windows NT 6.1; Win64; x64; rv:63.0) Gecko/20100101 Firefox/63.0','{\"id\":\"6\"}','[]',1,'2107898148@qq.com','127.0.0.1',1542961616,1542961616),(14,'rbac/user/index','http://hehetask.admin/rbac/user/index','Mozilla/5.0 (Windows NT 6.1; Win64; x64; rv:63.0) Gecko/20100101 Firefox/63.0','[]','[]',1,'2107898148@qq.com','127.0.0.1',1542961624,1542961624),(15,'rbac/user/view','http://hehetask.admin/rbac/user/view?id=1','Mozilla/5.0 (Windows NT 6.1; Win64; x64; rv:63.0) Gecko/20100101 Firefox/63.0','{\"id\":\"1\"}','[]',1,'2107898148@qq.com','127.0.0.1',1542961627,1542961627),(16,'rbac/user/update','http://hehetask.admin/rbac/user/update?id=1','Mozilla/5.0 (Windows NT 6.1; Win64; x64; rv:63.0) Gecko/20100101 Firefox/63.0','{\"id\":\"1\"}','[]',1,'2107898148@qq.com','127.0.0.1',1542961631,1542961631),(17,'rbac/user/index','http://hehetask.admin/rbac/user/index','Mozilla/5.0 (Windows NT 6.1; Win64; x64; rv:63.0) Gecko/20100101 Firefox/63.0','[]','[]',1,'2107898148@qq.com','127.0.0.1',1542961643,1542961643),(18,'rbac/permission/index','http://hehetask.admin/rbac/permission/index','Mozilla/5.0 (Windows NT 6.1; Win64; x64; rv:63.0) Gecko/20100101 Firefox/63.0','[]','[]',1,'2107898148@qq.com','127.0.0.1',1542961644,1542961644),(19,'rbac/route/index','http://hehetask.admin/rbac/route/index','Mozilla/5.0 (Windows NT 6.1; Win64; x64; rv:63.0) Gecko/20100101 Firefox/63.0','[]','[]',1,'2107898148@qq.com','127.0.0.1',1542961652,1542961652),(20,'rbac/log/index','http://hehetask.admin/rbac/log/index','Mozilla/5.0 (Windows NT 6.1; Win64; x64; rv:63.0) Gecko/20100101 Firefox/63.0','[]','[]',1,'2107898148@qq.com','127.0.0.1',1542961655,1542961655),(21,'rbac/route/index','http://hehetask.admin/rbac/route/index','Mozilla/5.0 (Windows NT 6.1; Win64; x64; rv:63.0) Gecko/20100101 Firefox/63.0','[]','[]',1,'2107898148@qq.com','127.0.0.1',1542961656,1542961656),(22,'rbac/user/index','http://hehetask.admin/rbac/user/index','Mozilla/5.0 (Windows NT 6.1; Win64; x64; rv:63.0) Gecko/20100101 Firefox/63.0','[]','[]',1,'2107898148@qq.com','127.0.0.1',1542961656,1542961656),(23,'rbac/user/update','http://hehetask.admin/rbac/user/update?id=1','Mozilla/5.0 (Windows NT 6.1; Win64; x64; rv:63.0) Gecko/20100101 Firefox/63.0','{\"id\":\"1\"}','[]',1,'2107898148@qq.com','127.0.0.1',1542961656,1542961656),(24,'rbac/permission/index','http://hehetask.admin/rbac/permission/index','Mozilla/5.0 (Windows NT 6.1; Win64; x64; rv:63.0) Gecko/20100101 Firefox/63.0','[]','[]',1,'2107898148@qq.com','127.0.0.1',1542961656,1542961656),(25,'rbac/user/view','http://hehetask.admin/rbac/user/view?id=1','Mozilla/5.0 (Windows NT 6.1; Win64; x64; rv:63.0) Gecko/20100101 Firefox/63.0','{\"id\":\"1\"}','[]',1,'2107898148@qq.com','127.0.0.1',1542961656,1542961656),(26,'rbac/log/view','http://hehetask.admin/rbac/log/view?id=6','Mozilla/5.0 (Windows NT 6.1; Win64; x64; rv:63.0) Gecko/20100101 Firefox/63.0','{\"id\":\"6\"}','[]',1,'2107898148@qq.com','127.0.0.1',1542961657,1542961657),(27,'system/user-rank/index','http://hehetask.admin/system/user-rank/index','Mozilla/5.0 (Windows NT 6.1; Win64; x64; rv:63.0) Gecko/20100101 Firefox/63.0','[]','[]',1,'2107898148@qq.com','127.0.0.1',1542961657,1542961657),(28,'site/index','http://hehetask.admin/','Mozilla/5.0 (Windows NT 6.1; Win64; x64; rv:63.0) Gecko/20100101 Firefox/63.0','[]','[]',1,'2107898148@qq.com','127.0.0.1',1542961657,1542961657),(29,'rbac/user/login','http://hehetask.admin/rbac/user/login','Mozilla/5.0 (Windows NT 6.1; Win64; x64; rv:63.0) Gecko/20100101 Firefox/63.0','[]','[]',1,'2107898148@qq.com','127.0.0.1',1542961657,1542961657),(30,'rbac/log/index','http://hehetask.admin/rbac/log/index','Mozilla/5.0 (Windows NT 6.1; Win64; x64; rv:63.0) Gecko/20100101 Firefox/63.0','[]','[]',1,'2107898148@qq.com','127.0.0.1',1542961658,1542961658),(31,'rbac/log/view','http://hehetask.admin/rbac/log/view?id=19','Mozilla/5.0 (Windows NT 6.1; Win64; x64; rv:63.0) Gecko/20100101 Firefox/63.0','{\"id\":\"19\"}','[]',1,'2107898148@qq.com','127.0.0.1',1542961658,1542961658),(32,'site/index','http://hehetask.admin/','Mozilla/5.0 (Windows NT 6.1; Win64; x64; rv:63.0) Gecko/20100101 Firefox/63.0','[]','[]',1,'2107898148@qq.com','127.0.0.1',1542961658,1542961658),(33,'gii/default/index','http://hehetask.admin/gii','Mozilla/5.0 (Windows NT 6.1; Win64; x64; rv:63.0) Gecko/20100101 Firefox/63.0','[]','[]',1,'2107898148@qq.com','127.0.0.1',1542961668,1542961668),(34,'system/user/index','http://hehetask.admin/system/user/index','Mozilla/5.0 (Windows NT 6.1; Win64; x64; rv:63.0) Gecko/20100101 Firefox/63.0','[]','[]',1,'2107898148@qq.com','127.0.0.1',1542961671,1542961671),(35,'system/user-rank/index','http://hehetask.admin/system/user-rank/index','Mozilla/5.0 (Windows NT 6.1; Win64; x64; rv:63.0) Gecko/20100101 Firefox/63.0','[]','[]',1,'2107898148@qq.com','127.0.0.1',1542961689,1542961689),(36,'system/user-rank/view','http://hehetask.admin/system/user-rank/view?id=1','Mozilla/5.0 (Windows NT 6.1; Win64; x64; rv:63.0) Gecko/20100101 Firefox/63.0','{\"id\":\"1\"}','[]',1,'2107898148@qq.com','127.0.0.1',1542961692,1542961692),(37,'system/user-rank/update','http://hehetask.admin/system/user-rank/update?id=1','Mozilla/5.0 (Windows NT 6.1; Win64; x64; rv:63.0) Gecko/20100101 Firefox/63.0','{\"id\":\"1\"}','[]',1,'2107898148@qq.com','127.0.0.1',1542961696,1542961696),(38,'system/user-rank/index','http://hehetask.admin/system/user-rank/index','Mozilla/5.0 (Windows NT 6.1; Win64; x64; rv:63.0) Gecko/20100101 Firefox/63.0','[]','[]',1,'2107898148@qq.com','127.0.0.1',1542961706,1542961706),(39,'rbac/user/index','http://hehetask.admin/rbac/user/index','Mozilla/5.0 (Windows NT 6.1; Win64; x64; rv:63.0) Gecko/20100101 Firefox/63.0','[]','[]',1,'2107898148@qq.com','127.0.0.1',1542961713,1542961713),(40,'rbac/user/index','http://hehetask.admin/rbac/user/index','Mozilla/5.0 (Windows NT 6.1; Win64; x64; rv:63.0) Gecko/20100101 Firefox/63.0','[]','[]',1,'2107898148@qq.com','127.0.0.1',1542961720,1542961720),(41,'rbac/user/index','http://hehetask.admin/rbac/user/index','Mozilla/5.0 (Windows NT 6.1; Win64; x64; rv:63.0) Gecko/20100101 Firefox/63.0','[]','[]',1,'2107898148@qq.com','127.0.0.1',1542961724,1542961724),(42,'rbac/user/index','http://hehetask.admin/rbac/user/index','Mozilla/5.0 (Windows NT 6.1; Win64; x64; rv:63.0) Gecko/20100101 Firefox/63.0','[]','[]',1,'2107898148@qq.com','127.0.0.1',1542961729,1542961729),(43,'rbac/user/update','http://hehetask.admin/rbac/user/update?id=1','Mozilla/5.0 (Windows NT 6.1; Win64; x64; rv:63.0) Gecko/20100101 Firefox/63.0','{\"id\":\"1\"}','[]',1,'2107898148@qq.com','127.0.0.1',1542961733,1542961733),(44,'rbac/user/update','http://hehetask.admin/rbac/user/update?id=1','Mozilla/5.0 (Windows NT 6.1; Win64; x64; rv:63.0) Gecko/20100101 Firefox/63.0','{\"id\":\"1\"}','{\"_csrf-backend\":\"SobVscYzTa-NqBGZFqXJBoRn2vU6yrAqa-kGNIMiiWM46q_4k3sS_Nf3ZtZ8kaNt5g6fow-a51wBrW14sGzDLg==\",\"User\":{\"username\":\"admin\",\"nickname\":\"\\u6728\\u6728\",\"head_pic\":\"https:\\/\\/resources.alilinet.com\\/20181016\\/201810161328096595.jpg\",\"email\":\"2107898148@qq.com\",\"password_hash\":\"\"},\"file\":\"\"}',1,'2107898148@qq.com','127.0.0.1',1542961745,1542961745),(45,'rbac/user/view','http://hehetask.admin/rbac/user/view?id=1','Mozilla/5.0 (Windows NT 6.1; Win64; x64; rv:63.0) Gecko/20100101 Firefox/63.0','{\"id\":\"1\"}','[]',1,'2107898148@qq.com','127.0.0.1',1542961746,1542961746),(46,'rbac/permission/index','http://hehetask.admin/rbac/permission/index','Mozilla/5.0 (Windows NT 6.1; Win64; x64; rv:63.0) Gecko/20100101 Firefox/63.0','[]','[]',1,'2107898148@qq.com','127.0.0.1',1542961752,1542961752),(47,'rbac/user/index','http://hehetask.admin/rbac/user/index','Mozilla/5.0 (Windows NT 6.1; Win64; x64; rv:63.0) Gecko/20100101 Firefox/63.0','[]','[]',1,'2107898148@qq.com','127.0.0.1',1542961771,1542961771),(48,'rbac/user/update','http://hehetask.admin/rbac/user/update?id=1','Mozilla/5.0 (Windows NT 6.1; Win64; x64; rv:63.0) Gecko/20100101 Firefox/63.0','{\"id\":\"1\"}','[]',1,'2107898148@qq.com','127.0.0.1',1542961773,1542961773),(49,'rbac/log/index','http://hehetask.admin/rbac/log/index','Mozilla/5.0 (Windows NT 6.1; Win64; x64; rv:63.0) Gecko/20100101 Firefox/63.0','[]','[]',1,'2107898148@qq.com','127.0.0.1',1542961786,1542961786),(50,'rbac/user/index','http://hehetask.admin/rbac/user/index','Mozilla/5.0 (Windows NT 6.1; Win64; x64; rv:63.0) Gecko/20100101 Firefox/63.0','[]','[]',1,'2107898148@qq.com','127.0.0.1',1542961787,1542961787),(51,'rbac/user/update','http://hehetask.admin/rbac/user/update?id=1','Mozilla/5.0 (Windows NT 6.1; Win64; x64; rv:63.0) Gecko/20100101 Firefox/63.0','{\"id\":\"1\"}','[]',1,'2107898148@qq.com','127.0.0.1',1542961787,1542961787),(52,'rbac/permission/index','http://hehetask.admin/rbac/permission/index','Mozilla/5.0 (Windows NT 6.1; Win64; x64; rv:63.0) Gecko/20100101 Firefox/63.0','[]','[]',1,'2107898148@qq.com','127.0.0.1',1542961787,1542961787),(53,'rbac/user/view','http://hehetask.admin/rbac/user/view?id=1','Mozilla/5.0 (Windows NT 6.1; Win64; x64; rv:63.0) Gecko/20100101 Firefox/63.0','{\"id\":\"1\"}','[]',1,'2107898148@qq.com','127.0.0.1',1542961788,1542961788),(54,'system/user-rank/index','http://hehetask.admin/system/user-rank/index','Mozilla/5.0 (Windows NT 6.1; Win64; x64; rv:63.0) Gecko/20100101 Firefox/63.0','[]','[]',1,'2107898148@qq.com','127.0.0.1',1542961788,1542961788),(55,'system/user-rank/view','http://hehetask.admin/system/user-rank/view?id=1','Mozilla/5.0 (Windows NT 6.1; Win64; x64; rv:63.0) Gecko/20100101 Firefox/63.0','{\"id\":\"1\"}','[]',1,'2107898148@qq.com','127.0.0.1',1542961788,1542961788),(56,'system/user-rank/update','http://hehetask.admin/system/user-rank/update?id=1','Mozilla/5.0 (Windows NT 6.1; Win64; x64; rv:63.0) Gecko/20100101 Firefox/63.0','{\"id\":\"1\"}','[]',1,'2107898148@qq.com','127.0.0.1',1542961788,1542961788),(57,'system/user/index','http://hehetask.admin/system/user/index','Mozilla/5.0 (Windows NT 6.1; Win64; x64; rv:63.0) Gecko/20100101 Firefox/63.0','[]','[]',1,'2107898148@qq.com','127.0.0.1',1542961789,1542961789),(58,'gii/default/index','http://hehetask.admin/gii','Mozilla/5.0 (Windows NT 6.1; Win64; x64; rv:63.0) Gecko/20100101 Firefox/63.0','[]','[]',1,'2107898148@qq.com','127.0.0.1',1542961789,1542961789),(59,'rbac/log/index','http://hehetask.admin/rbac/log/index','Mozilla/5.0 (Windows NT 6.1; Win64; x64; rv:63.0) Gecko/20100101 Firefox/63.0','[]','[]',1,'2107898148@qq.com','127.0.0.1',1542961789,1542961789),(60,'rbac/log/view','http://hehetask.admin/rbac/log/view?id=19','Mozilla/5.0 (Windows NT 6.1; Win64; x64; rv:63.0) Gecko/20100101 Firefox/63.0','{\"id\":\"19\"}','[]',1,'2107898148@qq.com','127.0.0.1',1542961789,1542961789),(61,'site/index','http://hehetask.admin/','Mozilla/5.0 (Windows NT 6.1; Win64; x64; rv:63.0) Gecko/20100101 Firefox/63.0','[]','[]',1,'2107898148@qq.com','127.0.0.1',1542961790,1542961790),(62,'rbac/log/view','http://hehetask.admin/rbac/log/view?id=6','Mozilla/5.0 (Windows NT 6.1; Win64; x64; rv:63.0) Gecko/20100101 Firefox/63.0','{\"id\":\"6\"}','[]',1,'2107898148@qq.com','127.0.0.1',1542961790,1542961790),(63,'site/index','http://hehetask.admin/','Mozilla/5.0 (Windows NT 6.1; Win64; x64; rv:63.0) Gecko/20100101 Firefox/63.0','[]','[]',1,'2107898148@qq.com','127.0.0.1',1542961819,1542961819),(64,'rbac/user/index','http://hehetask.admin/rbac/user/index','Mozilla/5.0 (Windows NT 6.1; Win64; x64; rv:63.0) Gecko/20100101 Firefox/63.0','[]','[]',1,'2107898148@qq.com','127.0.0.1',1542961824,1542961824),(65,'site/index','http://hehetask.admin/','Mozilla/5.0 (Windows NT 6.1; Win64; x64; rv:63.0) Gecko/20100101 Firefox/63.0','[]','[]',1,'2107898148@qq.com','127.0.0.1',1542961844,1542961844),(66,'rbac/user/index','http://hehetask.admin/rbac/user/index','Mozilla/5.0 (Windows NT 6.1; Win64; x64; rv:63.0) Gecko/20100101 Firefox/63.0','[]','[]',1,'2107898148@qq.com','127.0.0.1',1542961845,1542961845),(67,'rbac/user/update','http://hehetask.admin/rbac/user/update?id=1','Mozilla/5.0 (Windows NT 6.1; Win64; x64; rv:63.0) Gecko/20100101 Firefox/63.0','{\"id\":\"1\"}','[]',1,'2107898148@qq.com','127.0.0.1',1542961869,1542961869),(68,'rbac/user/index','http://hehetask.admin/rbac/user/index','Mozilla/5.0 (Windows NT 6.1; Win64; x64; rv:63.0) Gecko/20100101 Firefox/63.0','[]','[]',1,'2107898148@qq.com','127.0.0.1',1542961873,1542961873),(69,'backup/import/index','http://hehetask.admin/backup/import/index','Mozilla/5.0 (Windows NT 6.1; Win64; x64; rv:63.0) Gecko/20100101 Firefox/63.0','[]','[]',1,'2107898148@qq.com','127.0.0.1',1542967453,1542967453),(70,'rbac/user/index','http://hehetask.admin/rbac/user/index','Mozilla/5.0 (Windows NT 6.1; Win64; x64; rv:63.0) Gecko/20100101 Firefox/63.0','[]','[]',1,'2107898148@qq.com','127.0.0.1',1542967470,1542967470),(71,'rbac/user/update','http://hehetask.admin/rbac/user/update?id=1','Mozilla/5.0 (Windows NT 6.1; Win64; x64; rv:63.0) Gecko/20100101 Firefox/63.0','{\"id\":\"1\"}','[]',1,'2107898148@qq.com','127.0.0.1',1542967564,1542967564),(72,'rbac/user/index','http://hehetask.admin/rbac/user/index','Mozilla/5.0 (Windows NT 6.1; Win64; x64; rv:63.0) Gecko/20100101 Firefox/63.0','[]','[]',1,'2107898148@qq.com','127.0.0.1',1542967567,1542967567),(73,'rbac/user/update','http://hehetask.admin/rbac/user/update?id=1','Mozilla/5.0 (Windows NT 6.1; Win64; x64; rv:63.0) Gecko/20100101 Firefox/63.0','{\"id\":\"1\"}','[]',1,'2107898148@qq.com','127.0.0.1',1542967596,1542967596),(74,'rbac/user/index','http://hehetask.admin/rbac/user/index','Mozilla/5.0 (Windows NT 6.1; Win64; x64; rv:63.0) Gecko/20100101 Firefox/63.0','[]','[]',1,'2107898148@qq.com','127.0.0.1',1542968226,1542968226),(75,'rbac/user/update','http://hehetask.admin/rbac/user/update?id=1','Mozilla/5.0 (Windows NT 6.1; Win64; x64; rv:63.0) Gecko/20100101 Firefox/63.0','{\"id\":\"1\"}','[]',1,'2107898148@qq.com','127.0.0.1',1542968275,1542968275),(76,'rbac/user/index','http://hehetask.admin/rbac/user/index','Mozilla/5.0 (Windows NT 6.1; Win64; x64; rv:63.0) Gecko/20100101 Firefox/63.0','[]','[]',1,'2107898148@qq.com','127.0.0.1',1542969010,1542969010),(77,'rbac/user/update','http://hehetask.admin/rbac/user/update?id=1','Mozilla/5.0 (Windows NT 6.1; Win64; x64; rv:63.0) Gecko/20100101 Firefox/63.0','{\"id\":\"1\"}','[]',1,'2107898148@qq.com','127.0.0.1',1542969013,1542969013),(78,'rbac/permission/index','http://hehetask.admin/rbac/permission/index','Mozilla/5.0 (Windows NT 6.1; Win64; x64; rv:63.0) Gecko/20100101 Firefox/63.0','[]','[]',1,'2107898148@qq.com','127.0.0.1',1542969230,1542969230),(79,'rbac/user/index','http://hehetask.admin/rbac/user/index','Mozilla/5.0 (Windows NT 6.1; Win64; x64; rv:63.0) Gecko/20100101 Firefox/63.0','[]','[]',1,'2107898148@qq.com','127.0.0.1',1542969502,1542969502),(80,'rbac/user/index','http://hehetask.admin/rbac/user/index','Mozilla/5.0 (Windows NT 6.1; Win64; x64; rv:63.0) Gecko/20100101 Firefox/63.0','[]','[]',1,'2107898148@qq.com','127.0.0.1',1542969569,1542969569),(81,'rbac/user/update','http://hehetask.admin/rbac/user/update?id=1','Mozilla/5.0 (Windows NT 6.1; Win64; x64; rv:63.0) Gecko/20100101 Firefox/63.0','{\"id\":\"1\"}','[]',1,'2107898148@qq.com','127.0.0.1',1542969572,1542969572),(82,'rbac/user/index','http://hehetask.admin/rbac/user/index','Mozilla/5.0 (Windows NT 6.1; Win64; x64; rv:63.0) Gecko/20100101 Firefox/63.0','[]','[]',1,'2107898148@qq.com','127.0.0.1',1542969576,1542969576),(83,'rbac/user/update','http://hehetask.admin/rbac/user/update?id=1','Mozilla/5.0 (Windows NT 6.1; Win64; x64; rv:63.0) Gecko/20100101 Firefox/63.0','{\"id\":\"1\"}','[]',1,'2107898148@qq.com','127.0.0.1',1542969578,1542969578),(84,'rbac/user/index','http://hehetask.admin/rbac/user/index','Mozilla/5.0 (Windows NT 6.1; Win64; x64; rv:63.0) Gecko/20100101 Firefox/63.0','[]','[]',1,'2107898148@qq.com','127.0.0.1',1542969583,1542969583),(85,'rbac/user/update','http://hehetask.admin/rbac/user/update?id=1','Mozilla/5.0 (Windows NT 6.1; Win64; x64; rv:63.0) Gecko/20100101 Firefox/63.0','{\"id\":\"1\"}','[]',1,'2107898148@qq.com','127.0.0.1',1542969586,1542969586),(86,'rbac/user/index','http://hehetask.admin/rbac/user/index','Mozilla/5.0 (Windows NT 6.1; Win64; x64; rv:63.0) Gecko/20100101 Firefox/63.0','[]','[]',1,'2107898148@qq.com','127.0.0.1',1542969588,1542969588),(87,'rbac/user/update','http://hehetask.admin/rbac/user/update?id=1','Mozilla/5.0 (Windows NT 6.1; Win64; x64; rv:63.0) Gecko/20100101 Firefox/63.0','{\"id\":\"1\"}','[]',1,'2107898148@qq.com','127.0.0.1',1542969591,1542969591),(88,'rbac/user/index','http://hehetask.admin/rbac/user/index','Mozilla/5.0 (Windows NT 6.1; Win64; x64; rv:63.0) Gecko/20100101 Firefox/63.0','[]','[]',1,'2107898148@qq.com','127.0.0.1',1542969600,1542969600),(89,'rbac/user/index','http://hehetask.admin/rbac/user/index','Mozilla/5.0 (Windows NT 6.1; Win64; x64; rv:63.0) Gecko/20100101 Firefox/63.0','[]','[]',1,'2107898148@qq.com','127.0.0.1',1542969612,1542969612),(90,'rbac/user/index','http://hehetask.admin/rbac/user/index','Mozilla/5.0 (Windows NT 6.1; Win64; x64; rv:63.0) Gecko/20100101 Firefox/63.0','[]','[]',1,'2107898148@qq.com','127.0.0.1',1542969620,1542969620),(91,'rbac/user/index','http://hehetask.admin/rbac/user/index','Mozilla/5.0 (Windows NT 6.1; Win64; x64; rv:63.0) Gecko/20100101 Firefox/63.0','[]','[]',1,'2107898148@qq.com','127.0.0.1',1542969640,1542969640),(92,'rbac/user/index','http://hehetask.admin/rbac/user/index','Mozilla/5.0 (Windows NT 6.1; Win64; x64; rv:63.0) Gecko/20100101 Firefox/63.0','[]','[]',1,'2107898148@qq.com','127.0.0.1',1542969715,1542969715),(93,'rbac/user/index','http://hehetask.admin/rbac/user/index','Mozilla/5.0 (Windows NT 6.1; Win64; x64; rv:63.0) Gecko/20100101 Firefox/63.0','[]','[]',1,'2107898148@qq.com','127.0.0.1',1542969972,1542969972),(94,'rbac/user/update','http://hehetask.admin/rbac/user/update?id=1','Mozilla/5.0 (Windows NT 6.1; Win64; x64; rv:63.0) Gecko/20100101 Firefox/63.0','{\"id\":\"1\"}','[]',1,'2107898148@qq.com','127.0.0.1',1542969975,1542969975),(95,'rbac/user/index','http://hehetask.admin/rbac/user/index','Mozilla/5.0 (Windows NT 6.1; Win64; x64; rv:63.0) Gecko/20100101 Firefox/63.0','[]','[]',1,'2107898148@qq.com','127.0.0.1',1542969983,1542969983),(96,'rbac/user/update','http://hehetask.admin/rbac/user/update?id=1','Mozilla/5.0 (Windows NT 6.1; Win64; x64; rv:63.0) Gecko/20100101 Firefox/63.0','{\"id\":\"1\"}','[]',1,'2107898148@qq.com','127.0.0.1',1542969985,1542969985),(97,'rbac/user/index','http://hehetask.admin/rbac/user/index','Mozilla/5.0 (Windows NT 6.1; Win64; x64; rv:63.0) Gecko/20100101 Firefox/63.0','[]','[]',1,'2107898148@qq.com','127.0.0.1',1542970008,1542970008),(98,'rbac/user/update','http://hehetask.admin/rbac/user/update?id=1','Mozilla/5.0 (Windows NT 6.1; Win64; x64; rv:63.0) Gecko/20100101 Firefox/63.0','{\"id\":\"1\"}','[]',1,'2107898148@qq.com','127.0.0.1',1542970017,1542970017),(99,'rbac/user/index','http://hehetask.admin/rbac/user/index','Mozilla/5.0 (Windows NT 6.1; Win64; x64; rv:63.0) Gecko/20100101 Firefox/63.0','[]','[]',1,'2107898148@qq.com','127.0.0.1',1542970022,1542970022),(100,'rbac/user/update','http://hehetask.admin/rbac/user/update?id=1','Mozilla/5.0 (Windows NT 6.1; Win64; x64; rv:63.0) Gecko/20100101 Firefox/63.0','{\"id\":\"1\"}','[]',1,'2107898148@qq.com','127.0.0.1',1542970025,1542970025),(101,'rbac/user/index','http://hehetask.admin/rbac/user/index','Mozilla/5.0 (Windows NT 6.1; Win64; x64; rv:63.0) Gecko/20100101 Firefox/63.0','[]','[]',1,'2107898148@qq.com','127.0.0.1',1542970028,1542970028),(102,'rbac/user/index','http://hehetask.admin/rbac/user/index','Mozilla/5.0 (Windows NT 6.1; Win64; x64; rv:63.0) Gecko/20100101 Firefox/63.0','[]','[]',1,'2107898148@qq.com','127.0.0.1',1542970060,1542970060),(103,'rbac/user/index','http://hehetask.admin/rbac/user/index','Mozilla/5.0 (Windows NT 6.1; Win64; x64; rv:63.0) Gecko/20100101 Firefox/63.0','[]','[]',1,'2107898148@qq.com','127.0.0.1',1542970072,1542970072),(104,'rbac/user/update','http://hehetask.admin/rbac/user/update?id=1','Mozilla/5.0 (Windows NT 6.1; Win64; x64; rv:63.0) Gecko/20100101 Firefox/63.0','{\"id\":\"1\"}','[]',1,'2107898148@qq.com','127.0.0.1',1542970075,1542970075),(105,'rbac/user/index','http://hehetask.admin/rbac/user/index','Mozilla/5.0 (Windows NT 6.1; Win64; x64; rv:63.0) Gecko/20100101 Firefox/63.0','[]','[]',1,'2107898148@qq.com','127.0.0.1',1542970084,1542970084),(106,'rbac/user/index','http://hehetask.admin/rbac/user/index','Mozilla/5.0 (Windows NT 6.1; Win64; x64; rv:63.0) Gecko/20100101 Firefox/63.0','[]','[]',1,'2107898148@qq.com','127.0.0.1',1542970092,1542970092),(107,'rbac/user/update','http://hehetask.admin/rbac/user/update?id=1','Mozilla/5.0 (Windows NT 6.1; Win64; x64; rv:63.0) Gecko/20100101 Firefox/63.0','{\"id\":\"1\"}','[]',1,'2107898148@qq.com','127.0.0.1',1542970094,1542970094),(108,'rbac/user/index','http://hehetask.admin/rbac/user/index','Mozilla/5.0 (Windows NT 6.1; Win64; x64; rv:63.0) Gecko/20100101 Firefox/63.0','[]','[]',1,'2107898148@qq.com','127.0.0.1',1542970097,1542970097),(109,'rbac/user/update','http://hehetask.admin/rbac/user/update?id=1','Mozilla/5.0 (Windows NT 6.1; Win64; x64; rv:63.0) Gecko/20100101 Firefox/63.0','{\"id\":\"1\"}','[]',1,'2107898148@qq.com','127.0.0.1',1542970112,1542970112),(110,'rbac/user/index','http://hehetask.admin/rbac/user/index','Mozilla/5.0 (Windows NT 6.1; Win64; x64; rv:63.0) Gecko/20100101 Firefox/63.0','[]','[]',1,'2107898148@qq.com','127.0.0.1',1542970124,1542970124),(111,'rbac/user/index','http://hehetask.admin/rbac/user/index','Mozilla/5.0 (Windows NT 6.1; Win64; x64; rv:63.0) Gecko/20100101 Firefox/63.0','[]','[]',1,'2107898148@qq.com','127.0.0.1',1542970140,1542970140),(112,'rbac/user/update','http://hehetask.admin/rbac/user/update?id=1','Mozilla/5.0 (Windows NT 6.1; Win64; x64; rv:63.0) Gecko/20100101 Firefox/63.0','{\"id\":\"1\"}','[]',1,'2107898148@qq.com','127.0.0.1',1542970143,1542970143),(113,'rbac/user/index','http://hehetask.admin/rbac/user/index','Mozilla/5.0 (Windows NT 6.1; Win64; x64; rv:63.0) Gecko/20100101 Firefox/63.0','[]','[]',1,'2107898148@qq.com','127.0.0.1',1542970145,1542970145),(114,'rbac/user/index','http://hehetask.admin/rbac/user/index','Mozilla/5.0 (Windows NT 6.1; Win64; x64; rv:63.0) Gecko/20100101 Firefox/63.0','[]','[]',1,'2107898148@qq.com','127.0.0.1',1542970147,1542970147),(115,'rbac/user/update','http://hehetask.admin/rbac/user/update?id=1','Mozilla/5.0 (Windows NT 6.1; Win64; x64; rv:63.0) Gecko/20100101 Firefox/63.0','{\"id\":\"1\"}','[]',1,'2107898148@qq.com','127.0.0.1',1542970149,1542970149),(116,'rbac/user/index','http://hehetask.admin/rbac/user/index','Mozilla/5.0 (Windows NT 6.1; Win64; x64; rv:63.0) Gecko/20100101 Firefox/63.0','[]','[]',1,'2107898148@qq.com','127.0.0.1',1542970151,1542970151),(117,'rbac/user/index','http://hehetask.admin/rbac/user/index','Mozilla/5.0 (Windows NT 6.1; Win64; x64; rv:63.0) Gecko/20100101 Firefox/63.0','[]','[]',1,'2107898148@qq.com','127.0.0.1',1542970153,1542970153),(118,'rbac/user/update','http://hehetask.admin/rbac/user/update?id=1','Mozilla/5.0 (Windows NT 6.1; Win64; x64; rv:63.0) Gecko/20100101 Firefox/63.0','{\"id\":\"1\"}','[]',1,'2107898148@qq.com','127.0.0.1',1542970154,1542970154),(119,'rbac/user/index','http://hehetask.admin/rbac/user/index','Mozilla/5.0 (Windows NT 6.1; Win64; x64; rv:63.0) Gecko/20100101 Firefox/63.0','[]','[]',1,'2107898148@qq.com','127.0.0.1',1542970157,1542970157),(120,'rbac/user/index','http://hehetask.admin/rbac/user/index','Mozilla/5.0 (Windows NT 6.1; Win64; x64; rv:63.0) Gecko/20100101 Firefox/63.0','[]','[]',1,'2107898148@qq.com','127.0.0.1',1542970172,1542970172),(121,'rbac/user/update','http://hehetask.admin/rbac/user/update?id=1','Mozilla/5.0 (Windows NT 6.1; Win64; x64; rv:63.0) Gecko/20100101 Firefox/63.0','{\"id\":\"1\"}','[]',1,'2107898148@qq.com','127.0.0.1',1542970174,1542970174),(122,'rbac/user/index','http://hehetask.admin/rbac/user/index','Mozilla/5.0 (Windows NT 6.1; Win64; x64; rv:63.0) Gecko/20100101 Firefox/63.0','[]','[]',1,'2107898148@qq.com','127.0.0.1',1542970176,1542970176),(123,'rbac/user/index','http://hehetask.admin/rbac/user/index','Mozilla/5.0 (Windows NT 6.1; Win64; x64; rv:63.0) Gecko/20100101 Firefox/63.0','[]','[]',1,'2107898148@qq.com','127.0.0.1',1542970178,1542970178),(124,'rbac/user/index','http://hehetask.admin/rbac/user/index','Mozilla/5.0 (Windows NT 6.1; Win64; x64; rv:63.0) Gecko/20100101 Firefox/63.0','[]','[]',1,'2107898148@qq.com','127.0.0.1',1542970188,1542970188),(125,'rbac/user/index','http://hehetask.admin/rbac/user/index','Mozilla/5.0 (Windows NT 6.1; Win64; x64; rv:63.0) Gecko/20100101 Firefox/63.0','[]','[]',1,'2107898148@qq.com','127.0.0.1',1542970194,1542970194),(126,'rbac/user/update','http://hehetask.admin/rbac/user/update?id=1','Mozilla/5.0 (Windows NT 6.1; Win64; x64; rv:63.0) Gecko/20100101 Firefox/63.0','{\"id\":\"1\"}','[]',1,'2107898148@qq.com','127.0.0.1',1542970196,1542970196),(127,'rbac/user/index','http://hehetask.admin/rbac/user/index','Mozilla/5.0 (Windows NT 6.1; Win64; x64; rv:63.0) Gecko/20100101 Firefox/63.0','[]','[]',1,'2107898148@qq.com','127.0.0.1',1542970198,1542970198),(128,'rbac/user/index','http://hehetask.admin/rbac/user/index','Mozilla/5.0 (Windows NT 6.1; Win64; x64; rv:63.0) Gecko/20100101 Firefox/63.0','[]','[]',1,'2107898148@qq.com','127.0.0.1',1542970204,1542970204),(129,'rbac/user/index','http://hehetask.admin/rbac/user/index','Mozilla/5.0 (Windows NT 6.1; Win64; x64; rv:63.0) Gecko/20100101 Firefox/63.0','[]','[]',1,'2107898148@qq.com','127.0.0.1',1542970228,1542970228),(130,'rbac/user/index','http://hehetask.admin/rbac/user/index','Mozilla/5.0 (Windows NT 6.1; Win64; x64; rv:63.0) Gecko/20100101 Firefox/63.0','[]','[]',1,'2107898148@qq.com','127.0.0.1',1542970233,1542970233),(131,'rbac/user/update','http://hehetask.admin/rbac/user/update?id=1','Mozilla/5.0 (Windows NT 6.1; Win64; x64; rv:63.0) Gecko/20100101 Firefox/63.0','{\"id\":\"1\"}','[]',1,'2107898148@qq.com','127.0.0.1',1542970239,1542970239),(132,'rbac/user/index','http://hehetask.admin/rbac/user/index','Mozilla/5.0 (Windows NT 6.1; Win64; x64; rv:63.0) Gecko/20100101 Firefox/63.0','[]','[]',1,'2107898148@qq.com','127.0.0.1',1542970260,1542970260),(133,'rbac/user/update','http://hehetask.admin/rbac/user/update?id=1','Mozilla/5.0 (Windows NT 6.1; Win64; x64; rv:63.0) Gecko/20100101 Firefox/63.0','{\"id\":\"1\"}','[]',1,'2107898148@qq.com','127.0.0.1',1542970269,1542970269),(134,'rbac/user/index','http://hehetask.admin/rbac/user/index','Mozilla/5.0 (Windows NT 6.1; Win64; x64; rv:63.0) Gecko/20100101 Firefox/63.0','[]','[]',1,'2107898148@qq.com','127.0.0.1',1542970281,1542970281),(135,'rbac/user/update','http://hehetask.admin/rbac/user/update?id=1','Mozilla/5.0 (Windows NT 6.1; Win64; x64; rv:63.0) Gecko/20100101 Firefox/63.0','{\"id\":\"1\"}','[]',1,'2107898148@qq.com','127.0.0.1',1542970285,1542970285),(136,'rbac/user/index','http://hehetask.admin/rbac/user/index','Mozilla/5.0 (Windows NT 6.1; Win64; x64; rv:63.0) Gecko/20100101 Firefox/63.0','[]','[]',1,'2107898148@qq.com','127.0.0.1',1542970291,1542970291),(137,'rbac/user/update','http://hehetask.admin/rbac/user/update?id=1','Mozilla/5.0 (Windows NT 6.1; Win64; x64; rv:63.0) Gecko/20100101 Firefox/63.0','{\"id\":\"1\"}','[]',1,'2107898148@qq.com','127.0.0.1',1542970294,1542970294),(138,'rbac/user/index','http://hehetask.admin/rbac/user/index','Mozilla/5.0 (Windows NT 6.1; Win64; x64; rv:63.0) Gecko/20100101 Firefox/63.0','[]','[]',1,'2107898148@qq.com','127.0.0.1',1542970303,1542970303),(139,'rbac/user/index','http://hehetask.admin/rbac/user/index','Mozilla/5.0 (Windows NT 6.1; WOW64) AppleWebKit/537.36 (KHTML, like Gecko) Chrome/56.0.2924.87 Safari/537.36','[]','[]',1,'2107898148@qq.com','127.0.0.1',1542970353,1542970353),(140,'rbac/user/update','http://hehetask.admin/rbac/user/update?id=1','Mozilla/5.0 (Windows NT 6.1; WOW64) AppleWebKit/537.36 (KHTML, like Gecko) Chrome/56.0.2924.87 Safari/537.36','{\"id\":\"1\"}','[]',1,'2107898148@qq.com','127.0.0.1',1542970362,1542970362),(141,'rbac/user/index','http://hehetask.admin/rbac/user/index','Mozilla/5.0 (Windows NT 6.1; WOW64) AppleWebKit/537.36 (KHTML, like Gecko) Chrome/56.0.2924.87 Safari/537.36','[]','[]',1,'2107898148@qq.com','127.0.0.1',1542970365,1542970365),(142,'rbac/user/update','http://hehetask.admin/rbac/user/update?id=1','Mozilla/5.0 (Windows NT 6.1; WOW64) AppleWebKit/537.36 (KHTML, like Gecko) Chrome/56.0.2924.87 Safari/537.36','{\"id\":\"1\"}','[]',1,'2107898148@qq.com','127.0.0.1',1542970366,1542970366),(143,'rbac/user/index','http://hehetask.admin/rbac/user/index','Mozilla/5.0 (Windows NT 6.1; WOW64) AppleWebKit/537.36 (KHTML, like Gecko) Chrome/56.0.2924.87 Safari/537.36','[]','[]',1,'2107898148@qq.com','127.0.0.1',1542970369,1542970369),(144,'rbac/user/update','http://hehetask.admin/rbac/user/update?id=1','Mozilla/5.0 (Windows NT 6.1; WOW64) AppleWebKit/537.36 (KHTML, like Gecko) Chrome/56.0.2924.87 Safari/537.36','{\"id\":\"1\"}','[]',1,'2107898148@qq.com','127.0.0.1',1542970370,1542970370),(145,'rbac/user/index','http://hehetask.admin/rbac/user/index','Mozilla/5.0 (Windows NT 6.1; WOW64) AppleWebKit/537.36 (KHTML, like Gecko) Chrome/56.0.2924.87 Safari/537.36','[]','[]',1,'2107898148@qq.com','127.0.0.1',1542970375,1542970375),(146,'rbac/user/update','http://hehetask.admin/rbac/user/update?id=1','Mozilla/5.0 (Windows NT 6.1; WOW64) AppleWebKit/537.36 (KHTML, like Gecko) Chrome/56.0.2924.87 Safari/537.36','{\"id\":\"1\"}','[]',1,'2107898148@qq.com','127.0.0.1',1542970376,1542970376),(147,'rbac/user/index','http://hehetask.admin/rbac/user/index','Mozilla/5.0 (Windows NT 6.1; WOW64) AppleWebKit/537.36 (KHTML, like Gecko) Chrome/56.0.2924.87 Safari/537.36','[]','[]',1,'2107898148@qq.com','127.0.0.1',1542970378,1542970378),(148,'rbac/user/index','http://hehetask.admin/rbac/user/index','Mozilla/5.0 (Windows NT 6.1; WOW64) AppleWebKit/537.36 (KHTML, like Gecko) Chrome/56.0.2924.87 Safari/537.36','[]','[]',1,'2107898148@qq.com','127.0.0.1',1542970385,1542970385),(149,'rbac/user/update','http://hehetask.admin/rbac/user/update?id=1','Mozilla/5.0 (Windows NT 6.1; WOW64) AppleWebKit/537.36 (KHTML, like Gecko) Chrome/56.0.2924.87 Safari/537.36','{\"id\":\"1\"}','[]',1,'2107898148@qq.com','127.0.0.1',1542970395,1542970395),(150,'rbac/user/index','http://hehetask.admin/rbac/user/index','Mozilla/5.0 (Windows NT 6.1; Win64; x64; rv:63.0) Gecko/20100101 Firefox/63.0','[]','[]',1,'2107898148@qq.com','127.0.0.1',1542970442,1542970442),(151,'rbac/user/update','http://hehetask.admin/rbac/user/update?id=1','Mozilla/5.0 (Windows NT 6.1; Win64; x64; rv:63.0) Gecko/20100101 Firefox/63.0','{\"id\":\"1\"}','[]',1,'2107898148@qq.com','127.0.0.1',1542970448,1542970448),(152,'rbac/user/index','http://hehetask.admin/rbac/user/index','Mozilla/5.0 (Windows NT 6.1; Win64; x64; rv:63.0) Gecko/20100101 Firefox/63.0','[]','[]',1,'2107898148@qq.com','127.0.0.1',1542970451,1542970451),(153,'rbac/user/index','http://hehetask.admin/rbac/user/index','Mozilla/5.0 (Windows NT 6.1; Win64; x64; rv:63.0) Gecko/20100101 Firefox/63.0','[]','[]',1,'2107898148@qq.com','127.0.0.1',1542970454,1542970454),(154,'rbac/user/index','http://hehetask.admin/rbac/user/index','Mozilla/5.0 (Windows NT 6.1; Win64; x64; rv:63.0) Gecko/20100101 Firefox/63.0','[]','[]',1,'2107898148@qq.com','127.0.0.1',1542970457,1542970457),(155,'rbac/user/update','http://hehetask.admin/rbac/user/update?id=1','Mozilla/5.0 (Windows NT 6.1; Win64; x64; rv:63.0) Gecko/20100101 Firefox/63.0','{\"id\":\"1\"}','[]',1,'2107898148@qq.com','127.0.0.1',1542970461,1542970461),(156,'rbac/user/index','http://hehetask.admin/rbac/user/index','Mozilla/5.0 (Windows NT 6.1; Win64; x64; rv:63.0) Gecko/20100101 Firefox/63.0','[]','[]',1,'2107898148@qq.com','127.0.0.1',1542970473,1542970473),(157,'rbac/user/index','http://hehetask.admin/rbac/user/index','Mozilla/5.0 (Windows NT 6.1; Win64; x64; rv:63.0) Gecko/20100101 Firefox/63.0','[]','[]',1,'2107898148@qq.com','127.0.0.1',1542970477,1542970477),(158,'rbac/user/update','http://hehetask.admin/rbac/user/update?id=1','Mozilla/5.0 (Windows NT 6.1; Win64; x64; rv:63.0) Gecko/20100101 Firefox/63.0','{\"id\":\"1\"}','[]',1,'2107898148@qq.com','127.0.0.1',1542970480,1542970480),(159,'rbac/user/index','http://hehetask.admin/rbac/user/index','Mozilla/5.0 (Windows NT 6.1; Win64; x64; rv:63.0) Gecko/20100101 Firefox/63.0','[]','[]',1,'2107898148@qq.com','127.0.0.1',1542970505,1542970505),(160,'rbac/user/index','http://hehetask.admin/rbac/user/index','Mozilla/5.0 (Windows NT 6.1; Win64; x64; rv:63.0) Gecko/20100101 Firefox/63.0','[]','[]',1,'2107898148@qq.com','127.0.0.1',1542970509,1542970509),(161,'rbac/user/update','http://hehetask.admin/rbac/user/update?id=1','Mozilla/5.0 (Windows NT 6.1; Win64; x64; rv:63.0) Gecko/20100101 Firefox/63.0','{\"id\":\"1\"}','[]',1,'2107898148@qq.com','127.0.0.1',1542970515,1542970515),(162,'rbac/user/index','http://hehetask.admin/rbac/user/index','Mozilla/5.0 (Windows NT 6.1; Win64; x64; rv:63.0) Gecko/20100101 Firefox/63.0','[]','[]',1,'2107898148@qq.com','127.0.0.1',1542970557,1542970557),(163,'rbac/user/update','http://hehetask.admin/rbac/user/update?id=1','Mozilla/5.0 (Windows NT 6.1; Win64; x64; rv:63.0) Gecko/20100101 Firefox/63.0','{\"id\":\"1\"}','[]',1,'2107898148@qq.com','127.0.0.1',1542970564,1542970564),(164,'rbac/user/index','http://hehetask.admin/rbac/user/index','Mozilla/5.0 (Windows NT 6.1; Win64; x64; rv:63.0) Gecko/20100101 Firefox/63.0','[]','[]',1,'2107898148@qq.com','127.0.0.1',1542970657,1542970657),(165,'rbac/user/index','http://hehetask.admin/rbac/user/index','Mozilla/5.0 (Windows NT 6.1; Win64; x64; rv:63.0) Gecko/20100101 Firefox/63.0','[]','[]',1,'2107898148@qq.com','127.0.0.1',1542970685,1542970685),(166,'rbac/user/index','http://hehetask.admin/rbac/user/index','Mozilla/5.0 (Windows NT 6.1; Win64; x64; rv:63.0) Gecko/20100101 Firefox/63.0','[]','[]',1,'2107898148@qq.com','127.0.0.1',1542970699,1542970699),(167,'rbac/user/view','http://hehetask.admin/rbac/user/view?id=1','Mozilla/5.0 (Windows NT 6.1; Win64; x64; rv:63.0) Gecko/20100101 Firefox/63.0','{\"id\":\"1\"}','[]',1,'2107898148@qq.com','127.0.0.1',1542970704,1542970704),(168,'rbac/user/index','http://hehetask.admin/rbac/user/index','Mozilla/5.0 (Windows NT 6.1; Win64; x64; rv:63.0) Gecko/20100101 Firefox/63.0','[]','[]',1,'2107898148@qq.com','127.0.0.1',1542970748,1542970748),(169,'rbac/user/view','http://hehetask.admin/rbac/user/view?id=1','Mozilla/5.0 (Windows NT 6.1; Win64; x64; rv:63.0) Gecko/20100101 Firefox/63.0','{\"id\":\"1\"}','[]',1,'2107898148@qq.com','127.0.0.1',1542970751,1542970751),(170,'rbac/user/index','http://hehetask.admin/rbac/user/index','Mozilla/5.0 (Windows NT 6.1; Win64; x64; rv:63.0) Gecko/20100101 Firefox/63.0','[]','[]',1,'2107898148@qq.com','127.0.0.1',1542970757,1542970757),(171,'rbac/user/view','http://hehetask.admin/rbac/user/view?id=1','Mozilla/5.0 (Windows NT 6.1; Win64; x64; rv:63.0) Gecko/20100101 Firefox/63.0','{\"id\":\"1\"}','[]',1,'2107898148@qq.com','127.0.0.1',1542970760,1542970760),(172,'rbac/user/index','http://hehetask.admin/rbac/user/index','Mozilla/5.0 (Windows NT 6.1; Win64; x64; rv:63.0) Gecko/20100101 Firefox/63.0','[]','[]',1,'2107898148@qq.com','127.0.0.1',1542970816,1542970816),(173,'rbac/user/index','http://hehetask.admin/rbac/user/index','Mozilla/5.0 (Windows NT 6.1; Win64; x64; rv:63.0) Gecko/20100101 Firefox/63.0','[]','[]',1,'2107898148@qq.com','127.0.0.1',1542970826,1542970826),(174,'rbac/user/update','http://hehetask.admin/rbac/user/update?id=1','Mozilla/5.0 (Windows NT 6.1; Win64; x64; rv:63.0) Gecko/20100101 Firefox/63.0','{\"id\":\"1\"}','[]',1,'2107898148@qq.com','127.0.0.1',1542970829,1542970829),(175,'rbac/user/index','http://hehetask.admin/rbac/user/index','Mozilla/5.0 (Windows NT 6.1; Win64; x64; rv:63.0) Gecko/20100101 Firefox/63.0','[]','[]',1,'2107898148@qq.com','127.0.0.1',1542970835,1542970835),(176,'rbac/user/update','http://hehetask.admin/rbac/user/update?id=1','Mozilla/5.0 (Windows NT 6.1; Win64; x64; rv:63.0) Gecko/20100101 Firefox/63.0','{\"id\":\"1\"}','[]',1,'2107898148@qq.com','127.0.0.1',1542970838,1542970838),(177,'rbac/user/index','http://hehetask.admin/rbac/user/index','Mozilla/5.0 (Windows NT 6.1; Win64; x64; rv:63.0) Gecko/20100101 Firefox/63.0','[]','[]',1,'2107898148@qq.com','127.0.0.1',1542970840,1542970840),(178,'site/index','http://hehetask.admin/','Mozilla/5.0 (Windows NT 6.1; Win64; x64; rv:63.0) Gecko/20100101 Firefox/63.0','[]','[]',1,'2107898148@qq.com','127.0.0.1',1542970844,1542970844),(179,'rbac/permission/index','http://hehetask.admin/rbac/permission/index','Mozilla/5.0 (Windows NT 6.1; Win64; x64; rv:63.0) Gecko/20100101 Firefox/63.0','[]','[]',1,'2107898148@qq.com','127.0.0.1',1542970845,1542970845),(180,'rbac/user/index','http://hehetask.admin/rbac/user/index','Mozilla/5.0 (Windows NT 6.1; Win64; x64; rv:63.0) Gecko/20100101 Firefox/63.0','[]','[]',1,'2107898148@qq.com','127.0.0.1',1542970845,1542970845),(181,'rbac/user/index','http://hehetask.admin/rbac/user/index','Mozilla/5.0 (Windows NT 6.1; Win64; x64; rv:63.0) Gecko/20100101 Firefox/63.0','[]','[]',1,'2107898148@qq.com','127.0.0.1',1542970853,1542970853),(182,'rbac/user/view','http://hehetask.admin/rbac/user/view?id=1','Mozilla/5.0 (Windows NT 6.1; Win64; x64; rv:63.0) Gecko/20100101 Firefox/63.0','{\"id\":\"1\"}','[]',1,'2107898148@qq.com','127.0.0.1',1542970855,1542970855),(183,'rbac/user/update','http://hehetask.admin/rbac/user/update?id=1','Mozilla/5.0 (Windows NT 6.1; Win64; x64; rv:63.0) Gecko/20100101 Firefox/63.0','{\"id\":\"1\"}','[]',1,'2107898148@qq.com','127.0.0.1',1542970862,1542970862),(184,'rbac/user/index','http://hehetask.admin/rbac/user/index','Mozilla/5.0 (Windows NT 6.1; Win64; x64; rv:63.0) Gecko/20100101 Firefox/63.0','[]','[]',1,'2107898148@qq.com','127.0.0.1',1542970865,1542970865),(185,'rbac/user/view','http://hehetask.admin/rbac/user/view?id=1','Mozilla/5.0 (Windows NT 6.1; Win64; x64; rv:63.0) Gecko/20100101 Firefox/63.0','{\"id\":\"1\"}','[]',1,'2107898148@qq.com','127.0.0.1',1542970865,1542970865),(186,'rbac/user/update','http://hehetask.admin/rbac/user/update?id=1','Mozilla/5.0 (Windows NT 6.1; Win64; x64; rv:63.0) Gecko/20100101 Firefox/63.0','{\"id\":\"1\"}','[]',1,'2107898148@qq.com','127.0.0.1',1542970868,1542970868),(187,'rbac/user/index','http://hehetask.admin/rbac/user/index','Mozilla/5.0 (Windows NT 6.1; Win64; x64; rv:63.0) Gecko/20100101 Firefox/63.0','[]','[]',1,'2107898148@qq.com','127.0.0.1',1542970897,1542970897),(188,'rbac/user/update','http://hehetask.admin/rbac/user/update?id=1','Mozilla/5.0 (Windows NT 6.1; Win64; x64; rv:63.0) Gecko/20100101 Firefox/63.0','{\"id\":\"1\"}','[]',1,'2107898148@qq.com','127.0.0.1',1542970902,1542970902),(189,'rbac/user/index','http://hehetask.admin/rbac/user/index','Mozilla/5.0 (Windows NT 6.1; Win64; x64; rv:63.0) Gecko/20100101 Firefox/63.0','[]','[]',1,'2107898148@qq.com','127.0.0.1',1542970906,1542970906),(190,'rbac/user/update','http://hehetask.admin/rbac/user/update?id=1','Mozilla/5.0 (Windows NT 6.1; Win64; x64; rv:63.0) Gecko/20100101 Firefox/63.0','{\"id\":\"1\"}','[]',1,'2107898148@qq.com','127.0.0.1',1542970957,1542970957),(191,'site/index','http://hehetask.admin/','Mozilla/5.0 (Windows NT 6.1; Win64; x64; rv:63.0) Gecko/20100101 Firefox/63.0','[]','[]',1,'2107898148@qq.com','127.0.0.1',1542971139,1542971139),(192,'rbac/user/index','http://hehetask.admin/rbac/user/index','Mozilla/5.0 (Windows NT 6.1; Win64; x64; rv:63.0) Gecko/20100101 Firefox/63.0','[]','[]',1,'2107898148@qq.com','127.0.0.1',1542971140,1542971140),(193,'rbac/log/index','http://hehetask.admin/rbac/log/index','Mozilla/5.0 (Windows NT 6.1; Win64; x64; rv:63.0) Gecko/20100101 Firefox/63.0','[]','[]',1,'2107898148@qq.com','127.0.0.1',1542971147,1542971147),(194,'rbac/user/index','http://hehetask.admin/rbac/user/index','Mozilla/5.0 (Windows NT 6.1; Win64; x64; rv:63.0) Gecko/20100101 Firefox/63.0','[]','[]',1,'2107898148@qq.com','127.0.0.1',1542971148,1542971148),(195,'site/index','http://hehetask.admin/','Mozilla/5.0 (Windows NT 6.1; Win64; x64; rv:63.0) Gecko/20100101 Firefox/63.0','[]','[]',1,'2107898148@qq.com','127.0.0.1',1542971148,1542971148),(196,'rbac/user/update','http://hehetask.admin/rbac/user/update?id=1','Mozilla/5.0 (Windows NT 6.1; Win64; x64; rv:63.0) Gecko/20100101 Firefox/63.0','{\"id\":\"1\"}','[]',1,'2107898148@qq.com','127.0.0.1',1542971149,1542971149),(197,'rbac/user/view','http://hehetask.admin/rbac/user/view?id=1','Mozilla/5.0 (Windows NT 6.1; Win64; x64; rv:63.0) Gecko/20100101 Firefox/63.0','{\"id\":\"1\"}','[]',1,'2107898148@qq.com','127.0.0.1',1542971149,1542971149),(198,'rbac/permission/index','http://hehetask.admin/rbac/permission/index','Mozilla/5.0 (Windows NT 6.1; Win64; x64; rv:63.0) Gecko/20100101 Firefox/63.0','[]','[]',1,'2107898148@qq.com','127.0.0.1',1542971149,1542971149),(199,'site/index','http://hehetask.admin/','Mozilla/5.0 (Windows NT 6.1; Win64; x64; rv:63.0) Gecko/20100101 Firefox/63.0','[]','[]',1,'2107898148@qq.com','127.0.0.1',1542971168,1542971168),(200,'rbac/user/index','http://hehetask.admin/rbac/user/index','Mozilla/5.0 (Windows NT 6.1; Win64; x64; rv:63.0) Gecko/20100101 Firefox/63.0','[]','[]',1,'2107898148@qq.com','127.0.0.1',1542971169,1542971169),(201,'rbac/log/index','http://hehetask.admin/rbac/log/index','Mozilla/5.0 (Windows NT 6.1; Win64; x64; rv:63.0) Gecko/20100101 Firefox/63.0','[]','[]',1,'2107898148@qq.com','127.0.0.1',1542971169,1542971169),(202,'rbac/user/update','http://hehetask.admin/rbac/user/update?id=1','Mozilla/5.0 (Windows NT 6.1; Win64; x64; rv:63.0) Gecko/20100101 Firefox/63.0','{\"id\":\"1\"}','[]',1,'2107898148@qq.com','127.0.0.1',1542971170,1542971170),(203,'rbac/user/index','http://hehetask.admin/rbac/user/index','Mozilla/5.0 (Windows NT 6.1; Win64; x64; rv:63.0) Gecko/20100101 Firefox/63.0','[]','[]',1,'2107898148@qq.com','127.0.0.1',1542971170,1542971170),(204,'site/index','http://hehetask.admin/','Mozilla/5.0 (Windows NT 6.1; Win64; x64; rv:63.0) Gecko/20100101 Firefox/63.0','[]','[]',1,'2107898148@qq.com','127.0.0.1',1542971170,1542971170),(205,'rbac/user/view','http://hehetask.admin/rbac/user/view?id=1','Mozilla/5.0 (Windows NT 6.1; Win64; x64; rv:63.0) Gecko/20100101 Firefox/63.0','{\"id\":\"1\"}','[]',1,'2107898148@qq.com','127.0.0.1',1542971171,1542971171),(206,'rbac/permission/index','http://hehetask.admin/rbac/permission/index','Mozilla/5.0 (Windows NT 6.1; Win64; x64; rv:63.0) Gecko/20100101 Firefox/63.0','[]','[]',1,'2107898148@qq.com','127.0.0.1',1542971171,1542971171),(207,'rbac/log/index','http://hehetask.admin/rbac/log/index','Mozilla/5.0 (Windows NT 6.1; Win64; x64; rv:63.0) Gecko/20100101 Firefox/63.0','[]','[]',1,'2107898148@qq.com','127.0.0.1',1542971171,1542971171),(208,'site/index','http://hehetask.admin/','Mozilla/5.0 (Windows NT 6.1; Win64; x64; rv:63.0) Gecko/20100101 Firefox/63.0','[]','[]',1,'2107898148@qq.com','127.0.0.1',1542971831,1542971831),(209,'site/index','http://hehetask.admin/','Mozilla/5.0 (Windows NT 6.1; Win64; x64; rv:63.0) Gecko/20100101 Firefox/63.0','[]','[]',1,'2107898148@qq.com','127.0.0.1',1542971842,1542971842),(210,'site/index','http://hehetask.admin/','Mozilla/5.0 (Windows NT 6.1; Win64; x64; rv:63.0) Gecko/20100101 Firefox/63.0','[]','[]',1,'2107898148@qq.com','127.0.0.1',1543226378,1543226378),(211,'site/index','http://hehetask.admin/','Mozilla/5.0 (Windows NT 6.1; Win64; x64; rv:63.0) Gecko/20100101 Firefox/63.0','[]','[]',1,'2107898148@qq.com','127.0.0.1',1543226897,1543226897),(212,'site/index','http://hehetask.admin/','Mozilla/5.0 (Windows NT 6.1; Win64; x64; rv:63.0) Gecko/20100101 Firefox/63.0','[]','[]',1,'2107898148@qq.com','127.0.0.1',1543226950,1543226950),(213,'site/index','http://hehetask.admin/','Mozilla/5.0 (Windows NT 6.1; Win64; x64; rv:63.0) Gecko/20100101 Firefox/63.0','[]','[]',1,'2107898148@qq.com','127.0.0.1',1543227369,1543227369),(214,'rbac/user/index','http://hehetask.admin/rbac/user/index','Mozilla/5.0 (Windows NT 6.1; Win64; x64; rv:63.0) Gecko/20100101 Firefox/63.0','[]','[]',1,'2107898148@qq.com','127.0.0.1',1543228005,1543228005),(215,'rbac/user/update','http://hehetask.admin/rbac/user/update?id=1','Mozilla/5.0 (Windows NT 6.1; Win64; x64; rv:63.0) Gecko/20100101 Firefox/63.0','{\"id\":\"1\"}','[]',1,'2107898148@qq.com','127.0.0.1',1543228017,1543228017),(216,'rbac/user/index','http://hehetask.admin/rbac/user/index','Mozilla/5.0 (Windows NT 6.1; Win64; x64; rv:63.0) Gecko/20100101 Firefox/63.0','[]','[]',1,'2107898148@qq.com','127.0.0.1',1543228026,1543228026),(217,'rbac/user/view','http://hehetask.admin/rbac/user/view?id=1','Mozilla/5.0 (Windows NT 6.1; Win64; x64; rv:63.0) Gecko/20100101 Firefox/63.0','{\"id\":\"1\"}','[]',1,'2107898148@qq.com','127.0.0.1',1543228035,1543228035),(218,'rbac/user/update','http://hehetask.admin/rbac/user/update?id=1','Mozilla/5.0 (Windows NT 6.1; Win64; x64; rv:63.0) Gecko/20100101 Firefox/63.0','{\"id\":\"1\"}','[]',1,'2107898148@qq.com','127.0.0.1',1543228042,1543228042),(219,'rbac/user/index','http://hehetask.admin/rbac/user/index','Mozilla/5.0 (Windows NT 6.1; Win64; x64; rv:63.0) Gecko/20100101 Firefox/63.0','[]','[]',1,'2107898148@qq.com','127.0.0.1',1543228117,1543228117),(220,'rbac/log/index','http://hehetask.admin/rbac/log/index','Mozilla/5.0 (Windows NT 6.1; Win64; x64; rv:63.0) Gecko/20100101 Firefox/63.0','[]','[]',1,'2107898148@qq.com','127.0.0.1',1543228254,1543228254),(221,'site/index','http://hehetask.admin/','Mozilla/5.0 (Windows NT 6.1; Win64; x64; rv:63.0) Gecko/20100101 Firefox/63.0','[]','[]',1,'2107898148@qq.com','127.0.0.1',1543228258,1543228258),(222,'rbac/user/update','http://hehetask.admin/rbac/user/update?id=1','Mozilla/5.0 (Windows NT 6.1; Win64; x64; rv:63.0) Gecko/20100101 Firefox/63.0','{\"id\":\"1\"}','[]',1,'2107898148@qq.com','127.0.0.1',1543228259,1543228259),(223,'rbac/user/index','http://hehetask.admin/rbac/user/index','Mozilla/5.0 (Windows NT 6.1; Win64; x64; rv:63.0) Gecko/20100101 Firefox/63.0','[]','[]',1,'2107898148@qq.com','127.0.0.1',1543228259,1543228259),(224,'rbac/permission/index','http://hehetask.admin/rbac/permission/index','Mozilla/5.0 (Windows NT 6.1; Win64; x64; rv:63.0) Gecko/20100101 Firefox/63.0','[]','[]',1,'2107898148@qq.com','127.0.0.1',1543228259,1543228259),(225,'rbac/log/index','http://hehetask.admin/rbac/log/index','Mozilla/5.0 (Windows NT 6.1; Win64; x64; rv:63.0) Gecko/20100101 Firefox/63.0','[]','[]',1,'2107898148@qq.com','127.0.0.1',1543228260,1543228260),(226,'rbac/user/view','http://hehetask.admin/rbac/user/view?id=1','Mozilla/5.0 (Windows NT 6.1; Win64; x64; rv:63.0) Gecko/20100101 Firefox/63.0','{\"id\":\"1\"}','[]',1,'2107898148@qq.com','127.0.0.1',1543228260,1543228260),(227,'site/index','http://hehetask.admin/','Mozilla/5.0 (Windows NT 6.1; Win64; x64; rv:63.0) Gecko/20100101 Firefox/63.0','[]','[]',1,'2107898148@qq.com','127.0.0.1',1543228261,1543228261),(228,'rbac/user/index','http://hehetask.admin/rbac/user/index','Mozilla/5.0 (Windows NT 6.1; Win64; x64; rv:63.0) Gecko/20100101 Firefox/63.0','[]','[]',1,'2107898148@qq.com','127.0.0.1',1543228263,1543228263),(229,'site/index','http://hehetask.admin/','Mozilla/5.0 (Windows NT 6.1; Win64; x64; rv:63.0) Gecko/20100101 Firefox/63.0','[]','[]',1,'2107898148@qq.com','127.0.0.1',1543228288,1543228288),(230,'rbac/user/index','http://hehetask.admin/rbac/user/index','Mozilla/5.0 (Windows NT 6.1; Win64; x64; rv:63.0) Gecko/20100101 Firefox/63.0','[]','[]',1,'2107898148@qq.com','127.0.0.1',1543228290,1543228290),(231,'rbac/user/update','http://hehetask.admin/rbac/user/update?id=1','Mozilla/5.0 (Windows NT 6.1; Win64; x64; rv:63.0) Gecko/20100101 Firefox/63.0','{\"id\":\"1\"}','[]',1,'2107898148@qq.com','127.0.0.1',1543228430,1543228430),(232,'rbac/user/index','http://hehetask.admin/rbac/user/index','Mozilla/5.0 (Windows NT 6.1; Win64; x64; rv:63.0) Gecko/20100101 Firefox/63.0','[]','[]',1,'2107898148@qq.com','127.0.0.1',1543228435,1543228435),(233,'rbac/user/update','http://hehetask.admin/rbac/user/update?id=1','Mozilla/5.0 (Windows NT 6.1; Win64; x64; rv:63.0) Gecko/20100101 Firefox/63.0','{\"id\":\"1\"}','[]',1,'2107898148@qq.com','127.0.0.1',1543228436,1543228436),(234,'rbac/user/index','http://hehetask.admin/rbac/user/index','Mozilla/5.0 (Windows NT 6.1; Win64; x64; rv:63.0) Gecko/20100101 Firefox/63.0','[]','[]',1,'2107898148@qq.com','127.0.0.1',1543228440,1543228440),(235,'rbac/user/update','http://hehetask.admin/rbac/user/update?id=1','Mozilla/5.0 (Windows NT 6.1; Win64; x64; rv:63.0) Gecko/20100101 Firefox/63.0','{\"id\":\"1\"}','[]',1,'2107898148@qq.com','127.0.0.1',1543228445,1543228445),(236,'rbac/user/index','http://hehetask.admin/rbac/user/index','Mozilla/5.0 (Windows NT 6.1; Win64; x64; rv:63.0) Gecko/20100101 Firefox/63.0','[]','[]',1,'2107898148@qq.com','127.0.0.1',1543228462,1543228462),(237,'rbac/user/update','http://hehetask.admin/rbac/user/update?id=1','Mozilla/5.0 (Windows NT 6.1; Win64; x64; rv:63.0) Gecko/20100101 Firefox/63.0','{\"id\":\"1\"}','[]',1,'2107898148@qq.com','127.0.0.1',1543228464,1543228464),(238,'rbac/user/update','http://hehetask.admin/rbac/user/update?id=1','Mozilla/5.0 (Windows NT 6.1; Win64; x64; rv:63.0) Gecko/20100101 Firefox/63.0','{\"id\":\"1\"}','[]',1,'2107898148@qq.com','127.0.0.1',1543228467,1543228467),(239,'rbac/user/index','http://hehetask.admin/rbac/user/index','Mozilla/5.0 (Windows NT 6.1; Win64; x64; rv:63.0) Gecko/20100101 Firefox/63.0','[]','[]',1,'2107898148@qq.com','127.0.0.1',1543228528,1543228528),(240,'rbac/rule/index','http://hehetask.admin/rbac/rule/index','Mozilla/5.0 (Windows NT 6.1; Win64; x64; rv:63.0) Gecko/20100101 Firefox/63.0','[]','[]',1,'2107898148@qq.com','127.0.0.1',1543228654,1543228654),(241,'rbac/menu/index','http://hehetask.admin/rbac/menu/index','Mozilla/5.0 (Windows NT 6.1; Win64; x64; rv:63.0) Gecko/20100101 Firefox/63.0','[]','[]',1,'2107898148@qq.com','127.0.0.1',1543228659,1543228659),(242,'rbac/assignment/index','http://hehetask.admin/rbac/assignment/index','Mozilla/5.0 (Windows NT 6.1; Win64; x64; rv:63.0) Gecko/20100101 Firefox/63.0','[]','[]',1,'2107898148@qq.com','127.0.0.1',1543228668,1543228668),(243,'rbac/assignment/view','http://hehetask.admin/rbac/assignment/view?id=1','Mozilla/5.0 (Windows NT 6.1; Win64; x64; rv:63.0) Gecko/20100101 Firefox/63.0','{\"id\":\"1\"}','[]',1,'2107898148@qq.com','127.0.0.1',1543228671,1543228671),(244,'rbac/assignment/index','http://hehetask.admin/rbac/assignment/index','Mozilla/5.0 (Windows NT 6.1; Win64; x64; rv:63.0) Gecko/20100101 Firefox/63.0','[]','[]',1,'2107898148@qq.com','127.0.0.1',1543228696,1543228696),(245,'rbac/assignment/view','http://hehetask.admin/rbac/assignment/view?id=1','Mozilla/5.0 (Windows NT 6.1; Win64; x64; rv:63.0) Gecko/20100101 Firefox/63.0','{\"id\":\"1\"}','[]',1,'2107898148@qq.com','127.0.0.1',1543228809,1543228809),(246,'rbac/role/index','http://hehetask.admin/rbac/role/index','Mozilla/5.0 (Windows NT 6.1; Win64; x64; rv:63.0) Gecko/20100101 Firefox/63.0','[]','[]',1,'2107898148@qq.com','127.0.0.1',1543228973,1543228973),(247,'rbac/assignment/index','http://hehetask.admin/rbac/assignment/index','Mozilla/5.0 (Windows NT 6.1; Win64; x64; rv:63.0) Gecko/20100101 Firefox/63.0','[]','[]',1,'2107898148@qq.com','127.0.0.1',1543228977,1543228977),(248,'rbac/assignment/view','http://hehetask.admin/rbac/assignment/view?id=1','Mozilla/5.0 (Windows NT 6.1; Win64; x64; rv:63.0) Gecko/20100101 Firefox/63.0','{\"id\":\"1\"}','[]',1,'2107898148@qq.com','127.0.0.1',1543229026,1543229026),(249,'rbac/user/update','http://hehetask.admin/rbac/user/update?id=1','Mozilla/5.0 (Windows NT 6.1; Win64; x64; rv:63.0) Gecko/20100101 Firefox/63.0','{\"id\":\"1\"}','[]',1,'2107898148@qq.com','127.0.0.1',1543229094,1543229094),(250,'rbac/user/index','http://hehetask.admin/rbac/user/index','Mozilla/5.0 (Windows NT 6.1; Win64; x64; rv:63.0) Gecko/20100101 Firefox/63.0','[]','[]',1,'2107898148@qq.com','127.0.0.1',1543229136,1543229136),(251,'rbac/user/update','http://hehetask.admin/rbac/user/update?id=1','Mozilla/5.0 (Windows NT 6.1; Win64; x64; rv:63.0) Gecko/20100101 Firefox/63.0','{\"id\":\"1\"}','[]',1,'2107898148@qq.com','127.0.0.1',1543229138,1543229138),(252,'site/index','http://hehetask.admin/','Mozilla/5.0 (Windows NT 6.1; Win64; x64; rv:63.0) Gecko/20100101 Firefox/63.0','[]','[]',1,'2107898148@qq.com','127.0.0.1',1543229193,1543229193),(253,'rbac/user/index','http://hehetask.admin/rbac/user/index','Mozilla/5.0 (Windows NT 6.1; Win64; x64; rv:63.0) Gecko/20100101 Firefox/63.0','[]','[]',1,'2107898148@qq.com','127.0.0.1',1543229195,1543229195),(254,'rbac/user/update','http://hehetask.admin/rbac/user/update?id=1','Mozilla/5.0 (Windows NT 6.1; Win64; x64; rv:63.0) Gecko/20100101 Firefox/63.0','{\"id\":\"1\"}','[]',1,'2107898148@qq.com','127.0.0.1',1543229202,1543229202),(255,'site/index','http://hehetask.admin/','Mozilla/5.0 (Windows NT 6.1; Win64; x64; rv:63.0) Gecko/20100101 Firefox/63.0','[]','[]',1,'2107898148@qq.com','127.0.0.1',1543229210,1543229210),(256,'rbac/user/index','http://hehetask.admin/rbac/user/index','Mozilla/5.0 (Windows NT 6.1; Win64; x64; rv:63.0) Gecko/20100101 Firefox/63.0','[]','[]',1,'2107898148@qq.com','127.0.0.1',1543229213,1543229213),(257,'rbac/user/update','http://hehetask.admin/rbac/user/update?id=1','Mozilla/5.0 (Windows NT 6.1; Win64; x64; rv:63.0) Gecko/20100101 Firefox/63.0','{\"id\":\"1\"}','[]',1,'2107898148@qq.com','127.0.0.1',1543229217,1543229217),(258,'site/index','http://hehetask.admin/','Mozilla/5.0 (Windows NT 6.1; Win64; x64; rv:63.0) Gecko/20100101 Firefox/63.0','[]','[]',1,'2107898148@qq.com','127.0.0.1',1543229437,1543229437),(259,'rbac/user/index','http://hehetask.admin/rbac/user/index','Mozilla/5.0 (Windows NT 6.1; Win64; x64; rv:63.0) Gecko/20100101 Firefox/63.0','[]','[]',1,'2107898148@qq.com','127.0.0.1',1543229439,1543229439),(260,'site/index','http://hehetask.admin/','Mozilla/5.0 (Windows NT 6.1; Win64; x64; rv:63.0) Gecko/20100101 Firefox/63.0','[]','[]',1,'2107898148@qq.com','127.0.0.1',1543229448,1543229448),(261,'rbac/user/index','http://hehetask.admin/rbac/user/index','Mozilla/5.0 (Windows NT 6.1; Win64; x64; rv:63.0) Gecko/20100101 Firefox/63.0','[]','[]',1,'2107898148@qq.com','127.0.0.1',1543229449,1543229449),(262,'site/index','http://hehetask.admin/','Mozilla/5.0 (Windows NT 6.1; Win64; x64; rv:63.0) Gecko/20100101 Firefox/63.0','[]','[]',1,'2107898148@qq.com','127.0.0.1',1543229453,1543229453),(263,'rbac/user/index','http://hehetask.admin/rbac/user/index','Mozilla/5.0 (Windows NT 6.1; Win64; x64; rv:63.0) Gecko/20100101 Firefox/63.0','[]','[]',1,'2107898148@qq.com','127.0.0.1',1543229456,1543229456),(264,'rbac/user/update','http://hehetask.admin/rbac/user/update?id=1','Mozilla/5.0 (Windows NT 6.1; Win64; x64; rv:63.0) Gecko/20100101 Firefox/63.0','{\"id\":\"1\"}','[]',1,'2107898148@qq.com','127.0.0.1',1543229458,1543229458),(265,'rbac/permission/index','http://hehetask.admin/rbac/permission/index','Mozilla/5.0 (Windows NT 6.1; Win64; x64; rv:63.0) Gecko/20100101 Firefox/63.0','[]','[]',1,'2107898148@qq.com','127.0.0.1',1543229487,1543229487),(266,'rbac/permission/index','http://hehetask.admin/rbac/permission/index','Mozilla/5.0 (Windows NT 6.1; Win64; x64; rv:63.0) Gecko/20100101 Firefox/63.0','[]','[]',1,'2107898148@qq.com','127.0.0.1',1543229492,1543229492),(267,'rbac/user/index','http://hehetask.admin/rbac/user/index','Mozilla/5.0 (Windows NT 6.1; Win64; x64; rv:63.0) Gecko/20100101 Firefox/63.0','[]','[]',1,'2107898148@qq.com','127.0.0.1',1543229493,1543229493),(268,'rbac/user/view','http://hehetask.admin/rbac/user/view?id=1','Mozilla/5.0 (Windows NT 6.1; Win64; x64; rv:63.0) Gecko/20100101 Firefox/63.0','{\"id\":\"1\"}','[]',1,'2107898148@qq.com','127.0.0.1',1543229494,1543229494),(269,'site/index','http://hehetask.admin/','Mozilla/5.0 (Windows NT 6.1; Win64; x64; rv:63.0) Gecko/20100101 Firefox/63.0','[]','[]',1,'2107898148@qq.com','127.0.0.1',1543229561,1543229561),(270,'site/index','http://hehetask.admin/','Mozilla/5.0 (Windows NT 6.1; Win64; x64; rv:63.0) Gecko/20100101 Firefox/63.0','[]','[]',1,'2107898148@qq.com','127.0.0.1',1543229568,1543229568),(271,'rbac/user/index','http://hehetask.admin/rbac/user/index','Mozilla/5.0 (Windows NT 6.1; Win64; x64; rv:63.0) Gecko/20100101 Firefox/63.0','[]','[]',1,'2107898148@qq.com','127.0.0.1',1543229576,1543229576),(272,'rbac/user/update','http://hehetask.admin/rbac/user/update?id=1','Mozilla/5.0 (Windows NT 6.1; Win64; x64; rv:63.0) Gecko/20100101 Firefox/63.0','{\"id\":\"1\"}','[]',1,'2107898148@qq.com','127.0.0.1',1543229578,1543229578),(273,'rbac/user/update','http://hehetask.admin/rbac/user/update?id=1','Mozilla/5.0 (Windows NT 6.1; Win64; x64; rv:63.0) Gecko/20100101 Firefox/63.0','{\"id\":\"1\"}','[]',1,'2107898148@qq.com','127.0.0.1',1543229595,1543229595),(274,'rbac/assignment/index','http://hehetask.admin/rbac/assignment/index','Mozilla/5.0 (Windows NT 6.1; Win64; x64; rv:63.0) Gecko/20100101 Firefox/63.0','[]','[]',1,'2107898148@qq.com','127.0.0.1',1543229689,1543229689),(275,'site/index','http://hehetask.admin/','Mozilla/5.0 (Windows NT 6.1; Win64; x64; rv:63.0) Gecko/20100101 Firefox/63.0','[]','[]',1,'2107898148@qq.com','127.0.0.1',1543229691,1543229691),(276,'rbac/user/index','http://hehetask.admin/rbac/user/index','Mozilla/5.0 (Windows NT 6.1; Win64; x64; rv:63.0) Gecko/20100101 Firefox/63.0','[]','[]',1,'2107898148@qq.com','127.0.0.1',1543229692,1543229692),(277,'rbac/assignment/index','http://hehetask.admin/rbac/assignment/index','Mozilla/5.0 (Windows NT 6.1; Win64; x64; rv:63.0) Gecko/20100101 Firefox/63.0','[]','[]',1,'2107898148@qq.com','127.0.0.1',1543229693,1543229693),(278,'rbac/assignment/view','http://hehetask.admin/rbac/assignment/view?id=1','Mozilla/5.0 (Windows NT 6.1; Win64; x64; rv:63.0) Gecko/20100101 Firefox/63.0','{\"id\":\"1\"}','[]',1,'2107898148@qq.com','127.0.0.1',1543229698,1543229698),(279,'site/index','http://hehetask.admin/','Mozilla/5.0 (Windows NT 6.1; Win64; x64; rv:63.0) Gecko/20100101 Firefox/63.0','[]','[]',1,'2107898148@qq.com','127.0.0.1',1543229715,1543229715),(280,'rbac/user/index','http://hehetask.admin/rbac/user/index','Mozilla/5.0 (Windows NT 6.1; Win64; x64; rv:63.0) Gecko/20100101 Firefox/63.0','[]','[]',1,'2107898148@qq.com','127.0.0.1',1543229717,1543229717),(281,'rbac/assignment/index','http://hehetask.admin/rbac/assignment/index','Mozilla/5.0 (Windows NT 6.1; Win64; x64; rv:63.0) Gecko/20100101 Firefox/63.0','[]','[]',1,'2107898148@qq.com','127.0.0.1',1543229718,1543229718),(282,'rbac/assignment/view','http://hehetask.admin/rbac/assignment/view?id=1','Mozilla/5.0 (Windows NT 6.1; Win64; x64; rv:63.0) Gecko/20100101 Firefox/63.0','{\"id\":\"1\"}','[]',1,'2107898148@qq.com','127.0.0.1',1543229721,1543229721),(283,'rbac/user/update','http://hehetask.admin/rbac/user/update?id=1','Mozilla/5.0 (Windows NT 6.1; Win64; x64; rv:63.0) Gecko/20100101 Firefox/63.0','{\"id\":\"1\"}','[]',1,'2107898148@qq.com','127.0.0.1',1543229728,1543229728),(284,'site/index','http://hehetask.admin/','Mozilla/5.0 (Windows NT 6.1; Win64; x64; rv:63.0) Gecko/20100101 Firefox/63.0','[]','[]',1,'2107898148@qq.com','127.0.0.1',1543229789,1543229789),(285,'rbac/user/index','http://hehetask.admin/rbac/user/index','Mozilla/5.0 (Windows NT 6.1; Win64; x64; rv:63.0) Gecko/20100101 Firefox/63.0','[]','[]',1,'2107898148@qq.com','127.0.0.1',1543229791,1543229791),(286,'rbac/assignment/index','http://hehetask.admin/rbac/assignment/index','Mozilla/5.0 (Windows NT 6.1; Win64; x64; rv:63.0) Gecko/20100101 Firefox/63.0','[]','[]',1,'2107898148@qq.com','127.0.0.1',1543229791,1543229791),(287,'rbac/user/update','http://hehetask.admin/rbac/user/update?id=1','Mozilla/5.0 (Windows NT 6.1; Win64; x64; rv:63.0) Gecko/20100101 Firefox/63.0','{\"id\":\"1\"}','[]',1,'2107898148@qq.com','127.0.0.1',1543229804,1543229804),(288,'rbac/menu/index','http://hehetask.admin/rbac/menu/index','Mozilla/5.0 (Windows NT 6.1; Win64; x64; rv:63.0) Gecko/20100101 Firefox/63.0','[]','[]',1,'2107898148@qq.com','127.0.0.1',1543229922,1543229922),(289,'rbac/route/index','http://hehetask.admin/rbac/route/index','Mozilla/5.0 (Windows NT 6.1; Win64; x64; rv:63.0) Gecko/20100101 Firefox/63.0','[]','[]',1,'2107898148@qq.com','127.0.0.1',1543229923,1543229923),(290,'site/index','http://hehetask.admin/','Mozilla/5.0 (Windows NT 6.1; Win64; x64; rv:63.0) Gecko/20100101 Firefox/63.0','[]','[]',1,'2107898148@qq.com','127.0.0.1',1543230063,1543230063),(291,'site/index','http://hehetask.admin/','Mozilla/5.0 (Windows NT 6.1; Win64; x64; rv:63.0) Gecko/20100101 Firefox/63.0','[]','[]',1,'2107898148@qq.com','127.0.0.1',1543230094,1543230094),(292,'site/index','http://hehetask.admin/','Mozilla/5.0 (Windows NT 6.1; Win64; x64; rv:63.0) Gecko/20100101 Firefox/63.0','[]','[]',1,'2107898148@qq.com','127.0.0.1',1543230120,1543230120),(293,'site/index','http://hehetask.admin/','Mozilla/5.0 (Windows NT 6.1; Win64; x64; rv:63.0) Gecko/20100101 Firefox/63.0','[]','[]',1,'2107898148@qq.com','127.0.0.1',1543230141,1543230141),(294,'gii/default/index','http://hehetask.admin/gii','Mozilla/5.0 (Windows NT 6.1; Win64; x64; rv:63.0) Gecko/20100101 Firefox/63.0','[]','[]',1,'2107898148@qq.com','127.0.0.1',1543230157,1543230157),(295,'system/user-rank/index','http://hehetask.admin/system/user-rank/index','Mozilla/5.0 (Windows NT 6.1; Win64; x64; rv:63.0) Gecko/20100101 Firefox/63.0','[]','[]',1,'2107898148@qq.com','127.0.0.1',1543230169,1543230169),(296,'system/user/index','http://hehetask.admin/system/user/index','Mozilla/5.0 (Windows NT 6.1; Win64; x64; rv:63.0) Gecko/20100101 Firefox/63.0','[]','[]',1,'2107898148@qq.com','127.0.0.1',1543230171,1543230171),(297,'system/user/index','http://hehetask.admin/system/user/index','Mozilla/5.0 (Windows NT 6.1; Win64; x64; rv:63.0) Gecko/20100101 Firefox/63.0','[]','[]',1,'2107898148@qq.com','127.0.0.1',1543230185,1543230185),(298,'system/config/index','http://hehetask.admin/system/config/index','Mozilla/5.0 (Windows NT 6.1; Win64; x64; rv:63.0) Gecko/20100101 Firefox/63.0','[]','[]',1,'2107898148@qq.com','127.0.0.1',1543230198,1543230198),(299,'backup/export/index','http://hehetask.admin/backup/export/index','Mozilla/5.0 (Windows NT 6.1; Win64; x64; rv:63.0) Gecko/20100101 Firefox/63.0','[]','[]',1,'2107898148@qq.com','127.0.0.1',1543230221,1543230221),(300,'backup/import/index','http://hehetask.admin/backup/import/index','Mozilla/5.0 (Windows NT 6.1; Win64; x64; rv:63.0) Gecko/20100101 Firefox/63.0','[]','[]',1,'2107898148@qq.com','127.0.0.1',1543230228,1543230228),(301,'rbac/menu/index','http://hehetask.admin/rbac/menu/index','Mozilla/5.0 (Windows NT 6.1; Win64; x64; rv:63.0) Gecko/20100101 Firefox/63.0','[]','[]',1,'2107898148@qq.com','127.0.0.1',1543230238,1543230238),(302,'site/index','http://hehetask.admin/','Mozilla/5.0 (Windows NT 6.1; Win64; x64; rv:63.0) Gecko/20100101 Firefox/63.0','[]','[]',1,'2107898148@qq.com','127.0.0.1',1543230270,1543230270),(303,'rbac/menu/index','http://hehetask.admin/rbac/menu/index','Mozilla/5.0 (Windows NT 6.1; Win64; x64; rv:63.0) Gecko/20100101 Firefox/63.0','[]','[]',1,'2107898148@qq.com','127.0.0.1',1543230275,1543230275),(304,'rbac/menu/index','http://hehetask.admin/rbac/menu/index','Mozilla/5.0 (Windows NT 6.1; Win64; x64; rv:63.0) Gecko/20100101 Firefox/63.0','[]','[]',1,'2107898148@qq.com','127.0.0.1',1543230284,1543230284),(305,'rbac/menu/update','http://hehetask.admin/rbac/menu/update?id=14','Mozilla/5.0 (Windows NT 6.1; Win64; x64; rv:63.0) Gecko/20100101 Firefox/63.0','{\"id\":\"14\"}','[]',1,'2107898148@qq.com','127.0.0.1',1543230299,1543230299),(306,'rbac/assignment/index','http://hehetask.admin/rbac/assignment/index','Mozilla/5.0 (Windows NT 6.1; Win64; x64; rv:63.0) Gecko/20100101 Firefox/63.0','[]','[]',1,'2107898148@qq.com','127.0.0.1',1543230311,1543230311),(307,'site/index','http://hehetask.admin/','Mozilla/5.0 (Windows NT 6.1; Win64; x64; rv:63.0) Gecko/20100101 Firefox/63.0','[]','[]',1,'2107898148@qq.com','127.0.0.1',1543230319,1543230319),(308,'rbac/menu/index','http://hehetask.admin/rbac/menu/index','Mozilla/5.0 (Windows NT 6.1; Win64; x64; rv:63.0) Gecko/20100101 Firefox/63.0','[]','[]',1,'2107898148@qq.com','127.0.0.1',1543230320,1543230320),(309,'rbac/assignment/index','http://hehetask.admin/rbac/assignment/index','Mozilla/5.0 (Windows NT 6.1; Win64; x64; rv:63.0) Gecko/20100101 Firefox/63.0','[]','[]',1,'2107898148@qq.com','127.0.0.1',1543230321,1543230321),(310,'site/index','http://hehetask.admin/','Mozilla/5.0 (Windows NT 6.1; Win64; x64; rv:63.0) Gecko/20100101 Firefox/63.0','[]','[]',1,'2107898148@qq.com','127.0.0.1',1543230434,1543230434),(311,'rbac/menu/index','http://hehetask.admin/rbac/menu/index','Mozilla/5.0 (Windows NT 6.1; Win64; x64; rv:63.0) Gecko/20100101 Firefox/63.0','[]','[]',1,'2107898148@qq.com','127.0.0.1',1543230436,1543230436),(312,'rbac/menu/update','http://hehetask.admin/rbac/menu/update?id=1','Mozilla/5.0 (Windows NT 6.1; Win64; x64; rv:63.0) Gecko/20100101 Firefox/63.0','{\"id\":\"1\"}','[]',1,'2107898148@qq.com','127.0.0.1',1543230441,1543230441),(313,'site/index','http://hehetask.admin/','Mozilla/5.0 (Windows NT 6.1; Win64; x64; rv:63.0) Gecko/20100101 Firefox/63.0','[]','[]',1,'2107898148@qq.com','127.0.0.1',1543230449,1543230449),(314,'rbac/menu/index','http://hehetask.admin/rbac/menu/index','Mozilla/5.0 (Windows NT 6.1; Win64; x64; rv:63.0) Gecko/20100101 Firefox/63.0','[]','[]',1,'2107898148@qq.com','127.0.0.1',1543230451,1543230451),(315,'site/index','http://hehetask.admin/','Mozilla/5.0 (Windows NT 6.1; Win64; x64; rv:63.0) Gecko/20100101 Firefox/63.0','[]','[]',1,'2107898148@qq.com','127.0.0.1',1543230453,1543230453),(316,'rbac/menu/index','http://hehetask.admin/rbac/menu/index','Mozilla/5.0 (Windows NT 6.1; Win64; x64; rv:63.0) Gecko/20100101 Firefox/63.0','[]','[]',1,'2107898148@qq.com','127.0.0.1',1543230455,1543230455),(317,'rbac/rule/index','http://hehetask.admin/rbac/rule/index','Mozilla/5.0 (Windows NT 6.1; Win64; x64; rv:63.0) Gecko/20100101 Firefox/63.0','[]','[]',1,'2107898148@qq.com','127.0.0.1',1543230462,1543230462),(318,'rbac/menu/index','http://hehetask.admin/rbac/menu/index','Mozilla/5.0 (Windows NT 6.1; Win64; x64; rv:63.0) Gecko/20100101 Firefox/63.0','[]','[]',1,'2107898148@qq.com','127.0.0.1',1543230465,1543230465),(319,'rbac/menu/update','http://hehetask.admin/rbac/menu/update?id=1','Mozilla/5.0 (Windows NT 6.1; Win64; x64; rv:63.0) Gecko/20100101 Firefox/63.0','{\"id\":\"1\"}','[]',1,'2107898148@qq.com','127.0.0.1',1543230467,1543230467),(320,'site/index','http://hehetask.admin/','Mozilla/5.0 (Windows NT 6.1; Win64; x64; rv:63.0) Gecko/20100101 Firefox/63.0','[]','[]',1,'2107898148@qq.com','127.0.0.1',1543230500,1543230500),(321,'rbac/menu/index','http://hehetask.admin/rbac/menu/index','Mozilla/5.0 (Windows NT 6.1; Win64; x64; rv:63.0) Gecko/20100101 Firefox/63.0','[]','[]',1,'2107898148@qq.com','127.0.0.1',1543230502,1543230502),(322,'rbac/menu/update','http://hehetask.admin/rbac/menu/update?id=1','Mozilla/5.0 (Windows NT 6.1; Win64; x64; rv:63.0) Gecko/20100101 Firefox/63.0','{\"id\":\"1\"}','[]',1,'2107898148@qq.com','127.0.0.1',1543230510,1543230510),(323,'site/index','http://hehetask.admin/','Mozilla/5.0 (Windows NT 6.1; Win64; x64; rv:63.0) Gecko/20100101 Firefox/63.0','[]','[]',1,'2107898148@qq.com','127.0.0.1',1543230581,1543230581),(324,'rbac/menu/index','http://hehetask.admin/rbac/menu/index','Mozilla/5.0 (Windows NT 6.1; Win64; x64; rv:63.0) Gecko/20100101 Firefox/63.0','[]','[]',1,'2107898148@qq.com','127.0.0.1',1543230583,1543230583),(325,'rbac/menu/view','http://hehetask.admin/rbac/menu/view?id=1','Mozilla/5.0 (Windows NT 6.1; Win64; x64; rv:63.0) Gecko/20100101 Firefox/63.0','{\"id\":\"1\"}','[]',1,'2107898148@qq.com','127.0.0.1',1543230596,1543230596),(326,'rbac/menu/update','http://hehetask.admin/rbac/menu/update?id=14','Mozilla/5.0 (Windows NT 6.1; Win64; x64; rv:63.0) Gecko/20100101 Firefox/63.0','{\"id\":\"14\"}','[]',1,'2107898148@qq.com','127.0.0.1',1543230601,1543230601),(327,'rbac/menu/index','http://hehetask.admin/rbac/menu/index','Mozilla/5.0 (Windows NT 6.1; Win64; x64; rv:63.0) Gecko/20100101 Firefox/63.0','[]','[]',1,'2107898148@qq.com','127.0.0.1',1543230614,1543230614),(328,'rbac/menu/create','http://hehetask.admin/rbac/menu/create','Mozilla/5.0 (Windows NT 6.1; Win64; x64; rv:63.0) Gecko/20100101 Firefox/63.0','[]','[]',1,'2107898148@qq.com','127.0.0.1',1543230628,1543230628),(329,'rbac/menu/index','http://hehetask.admin/rbac/menu/index','Mozilla/5.0 (Windows NT 6.1; Win64; x64; rv:63.0) Gecko/20100101 Firefox/63.0','[]','[]',1,'2107898148@qq.com','127.0.0.1',1543230636,1543230636),(330,'site/index','http://hehetask.admin/','Mozilla/5.0 (Windows NT 6.1; Win64; x64; rv:63.0) Gecko/20100101 Firefox/63.0','[]','[]',1,'2107898148@qq.com','127.0.0.1',1543230686,1543230686),(331,'rbac/menu/index','http://hehetask.admin/rbac/menu/index','Mozilla/5.0 (Windows NT 6.1; Win64; x64; rv:63.0) Gecko/20100101 Firefox/63.0','[]','[]',1,'2107898148@qq.com','127.0.0.1',1543230688,1543230688),(332,'rbac/rule/index','http://hehetask.admin/rbac/rule/index','Mozilla/5.0 (Windows NT 6.1; Win64; x64; rv:63.0) Gecko/20100101 Firefox/63.0','[]','[]',1,'2107898148@qq.com','127.0.0.1',1543230694,1543230694),(333,'rbac/menu/index','http://hehetask.admin/rbac/menu/index','Mozilla/5.0 (Windows NT 6.1; Win64; x64; rv:63.0) Gecko/20100101 Firefox/63.0','[]','[]',1,'2107898148@qq.com','127.0.0.1',1543230695,1543230695),(334,'rbac/menu/create','http://hehetask.admin/rbac/menu/create','Mozilla/5.0 (Windows NT 6.1; Win64; x64; rv:63.0) Gecko/20100101 Firefox/63.0','[]','[]',1,'2107898148@qq.com','127.0.0.1',1543230697,1543230697),(335,'site/index','http://hehetask.admin/','Mozilla/5.0 (Windows NT 6.1; Win64; x64; rv:63.0) Gecko/20100101 Firefox/63.0','[]','[]',1,'2107898148@qq.com','127.0.0.1',1543230733,1543230733),(336,'rbac/menu/index','http://hehetask.admin/rbac/menu/index','Mozilla/5.0 (Windows NT 6.1; Win64; x64; rv:63.0) Gecko/20100101 Firefox/63.0','[]','[]',1,'2107898148@qq.com','127.0.0.1',1543230734,1543230734),(337,'rbac/menu/create','http://hehetask.admin/rbac/menu/create','Mozilla/5.0 (Windows NT 6.1; Win64; x64; rv:63.0) Gecko/20100101 Firefox/63.0','[]','[]',1,'2107898148@qq.com','127.0.0.1',1543230740,1543230740),(338,'rbac/menu/create','http://hehetask.admin/rbac/menu/create','Mozilla/5.0 (Windows NT 6.1; Win64; x64; rv:63.0) Gecko/20100101 Firefox/63.0','[]','{\"_csrf-backend\":\"KFy1lRKt7akjFg2ArLVP497vU6eDDmuIUrbYMaQFN4ZaMM_cR-Wy-nlJes_GgSWIvIYW8bZePP448rN9l0t9yw==\",\"Menu\":{\"parent\":\"\",\"name\":\"\\u5f02\\u6b65\\u4efb\\u52a1\",\"parent_name\":\"\",\"route\":\"\",\"order\":\"3\",\"icon\":\"\"}}',1,'2107898148@qq.com','127.0.0.1',1543230789,1543230789),(339,'rbac/menu/view','http://hehetask.admin/rbac/menu/view?id=32','Mozilla/5.0 (Windows NT 6.1; Win64; x64; rv:63.0) Gecko/20100101 Firefox/63.0','{\"id\":\"32\"}','[]',1,'2107898148@qq.com','127.0.0.1',1543230789,1543230789),(340,'rbac/menu/index','http://hehetask.admin/rbac/menu/index','Mozilla/5.0 (Windows NT 6.1; Win64; x64; rv:63.0) Gecko/20100101 Firefox/63.0','[]','[]',1,'2107898148@qq.com','127.0.0.1',1543230793,1543230793),(341,'rbac/menu/update','http://hehetask.admin/rbac/menu/update?id=14','Mozilla/5.0 (Windows NT 6.1; Win64; x64; rv:63.0) Gecko/20100101 Firefox/63.0','{\"id\":\"14\"}','[]',1,'2107898148@qq.com','127.0.0.1',1543230801,1543230801),(342,'rbac/menu/index','http://hehetask.admin/rbac/menu/index','Mozilla/5.0 (Windows NT 6.1; Win64; x64; rv:63.0) Gecko/20100101 Firefox/63.0','[]','[]',1,'2107898148@qq.com','127.0.0.1',1543230806,1543230806),(343,'rbac/menu/update','http://hehetask.admin/rbac/menu/update?id=14','Mozilla/5.0 (Windows NT 6.1; Win64; x64; rv:63.0) Gecko/20100101 Firefox/63.0','{\"id\":\"14\"}','[]',1,'2107898148@qq.com','127.0.0.1',1543230815,1543230815),(344,'rbac/menu/update','http://hehetask.admin/rbac/menu/update?id=14','Mozilla/5.0 (Windows NT 6.1; Win64; x64; rv:63.0) Gecko/20100101 Firefox/63.0','{\"id\":\"14\"}','{\"_csrf-backend\":\"pgnRU8ytQ35pRf26v4RJHmb6kqavrQ9Yu9mWx59HZHrUZasameUcLTMaivXVsCN1BJPX8Jr9WC7Rnf2LrAkuNw==\",\"Menu\":{\"parent\":\"\",\"name\":\"\\u7cfb\\u7edf\\u7ba1\\u7406\",\"parent_name\":\"\",\"route\":\"\",\"order\":\"1\",\"icon\":\"\\ue602\"}}',1,'2107898148@qq.com','127.0.0.1',1543230819,1543230819),(345,'rbac/menu/view','http://hehetask.admin/rbac/menu/view?id=14','Mozilla/5.0 (Windows NT 6.1; Win64; x64; rv:63.0) Gecko/20100101 Firefox/63.0','{\"id\":\"14\"}','[]',1,'2107898148@qq.com','127.0.0.1',1543230819,1543230819),(346,'rbac/menu/index','http://hehetask.admin/rbac/menu/index','Mozilla/5.0 (Windows NT 6.1; Win64; x64; rv:63.0) Gecko/20100101 Firefox/63.0','[]','[]',1,'2107898148@qq.com','127.0.0.1',1543230821,1543230821),(347,'rbac/menu/update','http://hehetask.admin/rbac/menu/update?id=1','Mozilla/5.0 (Windows NT 6.1; Win64; x64; rv:63.0) Gecko/20100101 Firefox/63.0','{\"id\":\"1\"}','[]',1,'2107898148@qq.com','127.0.0.1',1543230824,1543230824),(348,'rbac/menu/update','http://hehetask.admin/rbac/menu/update?id=1','Mozilla/5.0 (Windows NT 6.1; Win64; x64; rv:63.0) Gecko/20100101 Firefox/63.0','{\"id\":\"1\"}','{\"_csrf-backend\":\"AMNy8viYeN3P-_4TosF1AAVCcO_j9DZjtIgzrqtLjLlyrwi7rdAnjpWkiVzI9R9rZys1udakYRXezFjimAXG9A==\",\"Menu\":{\"parent\":\"\",\"name\":\"\\u6743\\u9650\\u7ba1\\u7406\",\"parent_name\":\"\",\"route\":\"\",\"order\":\"2\",\"icon\":\"fa fa-bullhorn\"}}',1,'2107898148@qq.com','127.0.0.1',1543230828,1543230828),(349,'rbac/menu/view','http://hehetask.admin/rbac/menu/view?id=1','Mozilla/5.0 (Windows NT 6.1; Win64; x64; rv:63.0) Gecko/20100101 Firefox/63.0','{\"id\":\"1\"}','[]',1,'2107898148@qq.com','127.0.0.1',1543230829,1543230829),(350,'rbac/menu/index','http://hehetask.admin/rbac/menu/index','Mozilla/5.0 (Windows NT 6.1; Win64; x64; rv:63.0) Gecko/20100101 Firefox/63.0','[]','[]',1,'2107898148@qq.com','127.0.0.1',1543230831,1543230831),(351,'rbac/menu/create','http://hehetask.admin/rbac/menu/create','Mozilla/5.0 (Windows NT 6.1; Win64; x64; rv:63.0) Gecko/20100101 Firefox/63.0','[]','[]',1,'2107898148@qq.com','127.0.0.1',1543230849,1543230849),(352,'rbac/menu/create','http://hehetask.admin/rbac/menu/create','Mozilla/5.0 (Windows NT 6.1; Win64; x64; rv:63.0) Gecko/20100101 Firefox/63.0','[]','{\"_csrf-backend\":\"SxhRxBVvz9tBSZPEmoRn2JFBuefUDIlBsdglzVqOrq45dCuNQCeQiBsW5IvwsA2z8yj8seFc3jfbnE6BacDk4w==\",\"Menu\":{\"parent\":\"\",\"name\":\"\\u6267\\u884c\\u5668\\u5217\\u8868\",\"parent_name\":\"\\u5f02\\u6b65\\u4efb\\u52a1\",\"route\":\"\",\"order\":\"0\",\"icon\":\"\"}}',1,'2107898148@qq.com','127.0.0.1',1543230877,1543230877),(353,'rbac/menu/view','http://hehetask.admin/rbac/menu/view?id=33','Mozilla/5.0 (Windows NT 6.1; Win64; x64; rv:63.0) Gecko/20100101 Firefox/63.0','{\"id\":\"33\"}','[]',1,'2107898148@qq.com','127.0.0.1',1543230877,1543230877),(354,'rbac/menu/index','http://hehetask.admin/rbac/menu/index','Mozilla/5.0 (Windows NT 6.1; Win64; x64; rv:63.0) Gecko/20100101 Firefox/63.0','[]','[]',1,'2107898148@qq.com','127.0.0.1',1543230880,1543230880),(355,'rbac/menu/update','http://hehetask.admin/rbac/menu/update?id=32','Mozilla/5.0 (Windows NT 6.1; Win64; x64; rv:63.0) Gecko/20100101 Firefox/63.0','{\"id\":\"32\"}','[]',1,'2107898148@qq.com','127.0.0.1',1543230919,1543230919),(356,'rbac/menu/update','http://hehetask.admin/rbac/menu/update?id=32','Mozilla/5.0 (Windows NT 6.1; Win64; x64; rv:63.0) Gecko/20100101 Firefox/63.0','{\"id\":\"32\"}','{\"_csrf-backend\":\"6VIeoUT4W9QIpHE2shnPVvKplOOVoNFRQRDdrI9cc6ybPmToEbAEh1L7BnnYLaU9kMDRtaDwhicrVLbgvBI54Q==\",\"Menu\":{\"parent\":\"\",\"name\":\"\\u591a\\u4efb\\u52a1\\u7ba1\\u7406\",\"parent_name\":\"\",\"route\":\"\",\"order\":\"3\",\"icon\":\"\"}}',1,'2107898148@qq.com','127.0.0.1',1543230929,1543230929),(357,'rbac/menu/view','http://hehetask.admin/rbac/menu/view?id=32','Mozilla/5.0 (Windows NT 6.1; Win64; x64; rv:63.0) Gecko/20100101 Firefox/63.0','{\"id\":\"32\"}','[]',1,'2107898148@qq.com','127.0.0.1',1543230930,1543230930),(358,'rbac/menu/index','http://hehetask.admin/rbac/menu/index','Mozilla/5.0 (Windows NT 6.1; Win64; x64; rv:63.0) Gecko/20100101 Firefox/63.0','[]','[]',1,'2107898148@qq.com','127.0.0.1',1543230935,1543230935),(359,'rbac/menu/update','http://hehetask.admin/rbac/menu/update?id=33','Mozilla/5.0 (Windows NT 6.1; Win64; x64; rv:63.0) Gecko/20100101 Firefox/63.0','{\"id\":\"33\"}','[]',1,'2107898148@qq.com','127.0.0.1',1543230942,1543230942),(360,'rbac/menu/update','http://hehetask.admin/rbac/menu/update?id=33','Mozilla/5.0 (Windows NT 6.1; Win64; x64; rv:63.0) Gecko/20100101 Firefox/63.0','{\"id\":\"33\"}','{\"_csrf-backend\":\"NrzIZXKrFMYcTPuIKddnqQmUFMV_eh_9QYN9aEejeqRE0LIsJ-NLlUYTjMdD4w3Ca_1Rk0oqSIsrxxYkdO0w6Q==\",\"Menu\":{\"parent\":\"32\",\"name\":\"\\u6267\\u884c\\u5668\\u5217\\u8868\",\"parent_name\":\"\\u591a\\u4efb\\u52a1\\u7ba1\\u7406\",\"route\":\"\",\"order\":\"0\",\"icon\":\"\"}}',1,'2107898148@qq.com','127.0.0.1',1543230955,1543230955),(361,'rbac/menu/view','http://hehetask.admin/rbac/menu/view?id=33','Mozilla/5.0 (Windows NT 6.1; Win64; x64; rv:63.0) Gecko/20100101 Firefox/63.0','{\"id\":\"33\"}','[]',1,'2107898148@qq.com','127.0.0.1',1543230955,1543230955),(362,'rbac/menu/index','http://hehetask.admin/rbac/menu/index','Mozilla/5.0 (Windows NT 6.1; Win64; x64; rv:63.0) Gecko/20100101 Firefox/63.0','[]','[]',1,'2107898148@qq.com','127.0.0.1',1543230958,1543230958),(363,'rbac/menu/update','http://hehetask.admin/rbac/menu/update?id=33','Mozilla/5.0 (Windows NT 6.1; Win64; x64; rv:63.0) Gecko/20100101 Firefox/63.0','{\"id\":\"33\"}','[]',1,'2107898148@qq.com','127.0.0.1',1543230969,1543230969),(364,'rbac/menu/index','http://hehetask.admin/rbac/menu/index','Mozilla/5.0 (Windows NT 6.1; Win64; x64; rv:63.0) Gecko/20100101 Firefox/63.0','[]','[]',1,'2107898148@qq.com','127.0.0.1',1543231051,1543231051),(365,'site/index','http://hehetask.admin/','Mozilla/5.0 (Windows NT 6.1; Win64; x64; rv:63.0) Gecko/20100101 Firefox/63.0','[]','[]',1,'2107898148@qq.com','127.0.0.1',1543231055,1543231055),(366,'rbac/menu/index','http://hehetask.admin/rbac/menu/index','Mozilla/5.0 (Windows NT 6.1; Win64; x64; rv:63.0) Gecko/20100101 Firefox/63.0','[]','[]',1,'2107898148@qq.com','127.0.0.1',1543231056,1543231056),(367,'site/index','http://hehetask.admin/','Mozilla/5.0 (Windows NT 6.1; Win64; x64; rv:63.0) Gecko/20100101 Firefox/63.0','[]','[]',1,'2107898148@qq.com','127.0.0.1',1543231062,1543231062),(368,'rbac/menu/index','http://hehetask.admin/rbac/menu/index','Mozilla/5.0 (Windows NT 6.1; Win64; x64; rv:63.0) Gecko/20100101 Firefox/63.0','[]','[]',1,'2107898148@qq.com','127.0.0.1',1543231063,1543231063),(369,'rbac/menu/update','http://hehetask.admin/rbac/menu/update?id=32','Mozilla/5.0 (Windows NT 6.1; Win64; x64; rv:63.0) Gecko/20100101 Firefox/63.0','{\"id\":\"32\"}','[]',1,'2107898148@qq.com','127.0.0.1',1543231075,1543231075),(370,'rbac/menu/index','http://hehetask.admin/rbac/menu/index','Mozilla/5.0 (Windows NT 6.1; Win64; x64; rv:63.0) Gecko/20100101 Firefox/63.0','[]','[]',1,'2107898148@qq.com','127.0.0.1',1543231081,1543231081),(371,'site/index','http://hehetask.admin/','Mozilla/5.0 (Windows NT 6.1; Win64; x64; rv:63.0) Gecko/20100101 Firefox/63.0','[]','[]',1,'2107898148@qq.com','127.0.0.1',1543231084,1543231084),(372,'rbac/menu/index','http://hehetask.admin/rbac/menu/index','Mozilla/5.0 (Windows NT 6.1; Win64; x64; rv:63.0) Gecko/20100101 Firefox/63.0','[]','[]',1,'2107898148@qq.com','127.0.0.1',1543231085,1543231085),(373,'site/index','http://hehetask.admin/','Mozilla/5.0 (Windows NT 6.1; Win64; x64; rv:63.0) Gecko/20100101 Firefox/63.0','[]','[]',1,'2107898148@qq.com','127.0.0.1',1543231089,1543231089),(374,'rbac/permission/index','http://hehetask.admin/rbac/permission/index','Mozilla/5.0 (Windows NT 6.1; Win64; x64; rv:63.0) Gecko/20100101 Firefox/63.0','[]','[]',1,'2107898148@qq.com','127.0.0.1',1543231093,1543231093),(375,'rbac/role/index','http://hehetask.admin/rbac/role/index','Mozilla/5.0 (Windows NT 6.1; Win64; x64; rv:63.0) Gecko/20100101 Firefox/63.0','[]','[]',1,'2107898148@qq.com','127.0.0.1',1543231096,1543231096),(376,'rbac/user/index','http://hehetask.admin/rbac/user/index','Mozilla/5.0 (Windows NT 6.1; Win64; x64; rv:63.0) Gecko/20100101 Firefox/63.0','[]','[]',1,'2107898148@qq.com','127.0.0.1',1543231110,1543231110),(377,'rbac/user/index','http://hehetask.admin/rbac/user/index','Mozilla/5.0 (Windows NT 6.1; Win64; x64; rv:63.0) Gecko/20100101 Firefox/63.0','[]','[]',1,'2107898148@qq.com','127.0.0.1',1543231115,1543231115),(378,'rbac/user/update','http://hehetask.admin/rbac/user/update?id=1','Mozilla/5.0 (Windows NT 6.1; Win64; x64; rv:63.0) Gecko/20100101 Firefox/63.0','{\"id\":\"1\"}','[]',1,'2107898148@qq.com','127.0.0.1',1543231120,1543231120),(379,'rbac/user/update','http://hehetask.admin/rbac/user/update?id=1','Mozilla/5.0 (Windows NT 6.1; Win64; x64; rv:63.0) Gecko/20100101 Firefox/63.0','{\"id\":\"1\"}','{\"_csrf-backend\":\"jXU-ki5jZgj_de06rGjpHE9wZDrWNE3bm4rdrEjbKrv_GUTbeys5W6UqmnXGXIN3LRkhbONkGq3xzrbge5Vg9g==\",\"User\":{\"username\":\"admin\",\"nickname\":\"\\u8d85\\u7ea7super\",\"head_pic\":\"https:\\/\\/resources.alilinet.com\\/20181016\\/201810161328096595.jpg\",\"email\":\"2107898148@qq.com\",\"password_hash\":\"\"},\"file\":\"\"}',1,'2107898148@qq.com','127.0.0.1',1543231146,1543231146),(380,'rbac/user/view','http://hehetask.admin/rbac/user/view?id=1','Mozilla/5.0 (Windows NT 6.1; Win64; x64; rv:63.0) Gecko/20100101 Firefox/63.0','{\"id\":\"1\"}','[]',1,'2107898148@qq.com','127.0.0.1',1543231146,1543231146),(381,'rbac/user/index','http://hehetask.admin/rbac/user/index','Mozilla/5.0 (Windows NT 6.1; Win64; x64; rv:63.0) Gecko/20100101 Firefox/63.0','[]','[]',1,'2107898148@qq.com','127.0.0.1',1543231150,1543231150),(382,'rbac/user/update','http://hehetask.admin/rbac/user/update?id=1','Mozilla/5.0 (Windows NT 6.1; Win64; x64; rv:63.0) Gecko/20100101 Firefox/63.0','{\"id\":\"1\"}','[]',1,'2107898148@qq.com','127.0.0.1',1543231160,1543231160),(383,'rbac/user/index','http://hehetask.admin/rbac/user/index','Mozilla/5.0 (Windows NT 6.1; Win64; x64; rv:63.0) Gecko/20100101 Firefox/63.0','[]','[]',1,'2107898148@qq.com','127.0.0.1',1543231164,1543231164),(384,'rbac/role/index','http://hehetask.admin/rbac/role/index','Mozilla/5.0 (Windows NT 6.1; Win64; x64; rv:63.0) Gecko/20100101 Firefox/63.0','[]','[]',1,'2107898148@qq.com','127.0.0.1',1543231165,1543231165),(385,'rbac/role/view','http://hehetask.admin/rbac/role/view?id=%E7%AE%A1%E7%90%86%E5%91%98','Mozilla/5.0 (Windows NT 6.1; Win64; x64; rv:63.0) Gecko/20100101 Firefox/63.0','{\"id\":\"\\u7ba1\\u7406\\u5458\"}','[]',1,'2107898148@qq.com','127.0.0.1',1543231169,1543231169),(386,'rbac/role/update','http://hehetask.admin/rbac/role/update?id=%E7%AE%A1%E7%90%86%E5%91%98','Mozilla/5.0 (Windows NT 6.1; Win64; x64; rv:63.0) Gecko/20100101 Firefox/63.0','{\"id\":\"\\u7ba1\\u7406\\u5458\"}','[]',1,'2107898148@qq.com','127.0.0.1',1543231183,1543231183),(387,'rbac/assignment/index','http://hehetask.admin/rbac/assignment/index','Mozilla/5.0 (Windows NT 6.1; Win64; x64; rv:63.0) Gecko/20100101 Firefox/63.0','[]','[]',1,'2107898148@qq.com','127.0.0.1',1543231193,1543231193),(388,'rbac/assignment/view','http://hehetask.admin/rbac/assignment/view?id=1','Mozilla/5.0 (Windows NT 6.1; Win64; x64; rv:63.0) Gecko/20100101 Firefox/63.0','{\"id\":\"1\"}','[]',1,'2107898148@qq.com','127.0.0.1',1543231196,1543231196),(389,'rbac/role/update','http://hehetask.admin/rbac/role/update?id=%E7%AE%A1%E7%90%86%E5%91%98','Mozilla/5.0 (Windows NT 6.1; Win64; x64; rv:63.0) Gecko/20100101 Firefox/63.0','{\"id\":\"\\u7ba1\\u7406\\u5458\"}','[]',1,'2107898148@qq.com','127.0.0.1',1543231218,1543231218),(390,'rbac/permission/index','http://hehetask.admin/rbac/permission/index','Mozilla/5.0 (Windows NT 6.1; Win64; x64; rv:63.0) Gecko/20100101 Firefox/63.0','[]','[]',1,'2107898148@qq.com','127.0.0.1',1543231224,1543231224),(391,'site/index','http://hehetask.admin/','Mozilla/5.0 (Windows NT 6.1; Win64; x64; rv:63.0) Gecko/20100101 Firefox/63.0','[]','[]',1,'2107898148@qq.com','127.0.0.1',1543299053,1543299053),(392,'site/index','http://hehetask.admin/','Mozilla/5.0 (Windows NT 6.1; Win64; x64; rv:63.0) Gecko/20100101 Firefox/63.0','[]','[]',1,'2107898148@qq.com','127.0.0.1',1543299054,1543299054),(393,'rbac/user/index','http://hehetask.admin/rbac/user/index','Mozilla/5.0 (Windows NT 6.1; Win64; x64; rv:63.0) Gecko/20100101 Firefox/63.0','[]','[]',1,'2107898148@qq.com','127.0.0.1',1543299060,1543299060),(394,'rbac/assignment/index','http://hehetask.admin/rbac/assignment/index','Mozilla/5.0 (Windows NT 6.1; Win64; x64; rv:63.0) Gecko/20100101 Firefox/63.0','[]','[]',1,'2107898148@qq.com','127.0.0.1',1543299061,1543299061),(395,'rbac/role/index','http://hehetask.admin/rbac/role/index','Mozilla/5.0 (Windows NT 6.1; Win64; x64; rv:63.0) Gecko/20100101 Firefox/63.0','[]','[]',1,'2107898148@qq.com','127.0.0.1',1543299062,1543299062),(396,'rbac/route/index','http://hehetask.admin/rbac/route/index','Mozilla/5.0 (Windows NT 6.1; Win64; x64; rv:63.0) Gecko/20100101 Firefox/63.0','[]','[]',1,'2107898148@qq.com','127.0.0.1',1543299074,1543299074),(397,'rbac/route/create','http://hehetask.admin/rbac/route/create','Mozilla/5.0 (Windows NT 6.1; Win64; x64; rv:63.0) Gecko/20100101 Firefox/63.0','[]','{\"route\":\"\\/process\\/executor\\/index\"}',1,'2107898148@qq.com','127.0.0.1',1543299188,1543299188),(398,'rbac/route/refresh','http://hehetask.admin/rbac/route/refresh','Mozilla/5.0 (Windows NT 6.1; Win64; x64; rv:63.0) Gecko/20100101 Firefox/63.0','[]','[]',1,'2107898148@qq.com','127.0.0.1',1543299202,1543299202),(399,'rbac/permission/index','http://hehetask.admin/rbac/permission/index','Mozilla/5.0 (Windows NT 6.1; Win64; x64; rv:63.0) Gecko/20100101 Firefox/63.0','[]','[]',1,'2107898148@qq.com','127.0.0.1',1543299234,1543299234),(400,'rbac/user/update','http://hehetask.admin/rbac/user/update?id=1','Mozilla/5.0 (Windows NT 6.1; Win64; x64; rv:63.0) Gecko/20100101 Firefox/63.0','{\"id\":\"1\"}','[]',1,'2107898148@qq.com','127.0.0.1',1543299245,1543299245),(401,'rbac/user/update','http://hehetask.admin/rbac/user/update?id=1','Mozilla/5.0 (Windows NT 6.1; Win64; x64; rv:63.0) Gecko/20100101 Firefox/63.0','{\"id\":\"1\"}','{\"_csrf-backend\":\"lZwsqlZW7PoU_XawJ_gKlJirtZrPEYmD9y-Pd7LcyXPn8FbjAx6zqU6iAf9NzGD_-sLwzPpB3vWda-Q7gZKDPg==\",\"User\":{\"username\":\"admin\",\"nickname\":\"\\u8d85\\u7ea7super\",\"head_pic\":\"https:\\/\\/resources.alilinet.com\\/20181016\\/201810161328096595.jpg\",\"email\":\"625507659@qq.com\",\"password_hash\":\"\"},\"file\":\"\"}',1,'2107898148@qq.com','127.0.0.1',1543299260,1543299260),(402,'rbac/user/view','http://hehetask.admin/rbac/user/view?id=1','Mozilla/5.0 (Windows NT 6.1; Win64; x64; rv:63.0) Gecko/20100101 Firefox/63.0','{\"id\":\"1\"}','[]',1,'625507659@qq.com','127.0.0.1',1543299260,1543299260),(403,'rbac/user/index','http://hehetask.admin/rbac/user/index','Mozilla/5.0 (Windows NT 6.1; Win64; x64; rv:63.0) Gecko/20100101 Firefox/63.0','[]','[]',1,'625507659@qq.com','127.0.0.1',1543299265,1543299265),(404,'rbac/user/update','http://hehetask.admin/rbac/user/update?id=1','Mozilla/5.0 (Windows NT 6.1; Win64; x64; rv:63.0) Gecko/20100101 Firefox/63.0','{\"id\":\"1\"}','[]',1,'625507659@qq.com','127.0.0.1',1543299269,1543299269),(405,'rbac/menu/index','http://hehetask.admin/rbac/menu/index','Mozilla/5.0 (Windows NT 6.1; Win64; x64; rv:63.0) Gecko/20100101 Firefox/63.0','[]','[]',1,'625507659@qq.com','127.0.0.1',1543299284,1543299284),(406,'rbac/assignment/view','http://hehetask.admin/rbac/assignment/view?id=1','Mozilla/5.0 (Windows NT 6.1; Win64; x64; rv:63.0) Gecko/20100101 Firefox/63.0','{\"id\":\"1\"}','[]',1,'625507659@qq.com','127.0.0.1',1543299305,1543299305),(407,'site/index','http://hehetask.admin/','Mozilla/5.0 (Windows NT 6.1; Win64; x64; rv:63.0) Gecko/20100101 Firefox/63.0','[]','[]',1,'625507659@qq.com','127.0.0.1',1543299315,1543299315),(408,'rbac/user/index','http://hehetask.admin/rbac/user/index','Mozilla/5.0 (Windows NT 6.1; Win64; x64; rv:63.0) Gecko/20100101 Firefox/63.0','[]','[]',1,'625507659@qq.com','127.0.0.1',1543299316,1543299316),(409,'rbac/role/index','http://hehetask.admin/rbac/role/index','Mozilla/5.0 (Windows NT 6.1; Win64; x64; rv:63.0) Gecko/20100101 Firefox/63.0','[]','[]',1,'625507659@qq.com','127.0.0.1',1543299316,1543299316),(410,'rbac/assignment/index','http://hehetask.admin/rbac/assignment/index','Mozilla/5.0 (Windows NT 6.1; Win64; x64; rv:63.0) Gecko/20100101 Firefox/63.0','[]','[]',1,'625507659@qq.com','127.0.0.1',1543299317,1543299317),(411,'rbac/route/index','http://hehetask.admin/rbac/route/index','Mozilla/5.0 (Windows NT 6.1; Win64; x64; rv:63.0) Gecko/20100101 Firefox/63.0','[]','[]',1,'625507659@qq.com','127.0.0.1',1543299317,1543299317),(412,'rbac/permission/index','http://hehetask.admin/rbac/permission/index','Mozilla/5.0 (Windows NT 6.1; Win64; x64; rv:63.0) Gecko/20100101 Firefox/63.0','[]','[]',1,'625507659@qq.com','127.0.0.1',1543299317,1543299317),(413,'rbac/menu/index','http://hehetask.admin/rbac/menu/index','Mozilla/5.0 (Windows NT 6.1; Win64; x64; rv:63.0) Gecko/20100101 Firefox/63.0','[]','[]',1,'625507659@qq.com','127.0.0.1',1543299317,1543299317),(414,'site/index','http://hehetask.admin/','Mozilla/5.0 (Windows NT 6.1; Win64; x64; rv:63.0) Gecko/20100101 Firefox/63.0','[]','[]',1,'625507659@qq.com','127.0.0.1',1543299323,1543299323),(415,'site/index','http://hehetask.admin/','Mozilla/5.0 (Windows NT 6.1; Win64; x64; rv:63.0) Gecko/20100101 Firefox/63.0','[]','[]',1,'625507659@qq.com','127.0.0.1',1543299334,1543299334),(416,'rbac/menu/index','http://hehetask.admin/rbac/menu/index','Mozilla/5.0 (Windows NT 6.1; Win64; x64; rv:63.0) Gecko/20100101 Firefox/63.0','[]','[]',1,'625507659@qq.com','127.0.0.1',1543299341,1543299341),(417,'rbac/menu/update','http://hehetask.admin/rbac/menu/update?id=33','Mozilla/5.0 (Windows NT 6.1; Win64; x64; rv:63.0) Gecko/20100101 Firefox/63.0','{\"id\":\"33\"}','[]',1,'625507659@qq.com','127.0.0.1',1543299353,1543299353),(418,'rbac/menu/update','http://hehetask.admin/rbac/menu/update?id=33','Mozilla/5.0 (Windows NT 6.1; Win64; x64; rv:63.0) Gecko/20100101 Firefox/63.0','{\"id\":\"33\"}','{\"_csrf-backend\":\"6GK1v4JgR4rCyr7uqw7NqXqnuCY7OJD18AEQkeGuRJjdUO_N1Qkv3pf719rZXfjQIMqAXndPpYPIQD3ptoMv_w==\",\"Menu\":{\"parent\":\"32\",\"name\":\"\\u6267\\u884c\\u5668\\u5217\\u8868\",\"parent_name\":\"\\u591a\\u4efb\\u52a1\\u7ba1\\u7406\",\"route\":\"\\/process\\/executor\\/index\",\"order\":\"0\",\"icon\":\"\"}}',1,'625507659@qq.com','127.0.0.1',1543299363,1543299363),(419,'rbac/menu/view','http://hehetask.admin/rbac/menu/view?id=33','Mozilla/5.0 (Windows NT 6.1; Win64; x64; rv:63.0) Gecko/20100101 Firefox/63.0','{\"id\":\"33\"}','[]',1,'625507659@qq.com','127.0.0.1',1543299364,1543299364),(420,'rbac/menu/index','http://hehetask.admin/rbac/menu/index','Mozilla/5.0 (Windows NT 6.1; Win64; x64; rv:63.0) Gecko/20100101 Firefox/63.0','[]','[]',1,'625507659@qq.com','127.0.0.1',1543299367,1543299367),(421,'site/index','http://hehetask.admin/','Mozilla/5.0 (Windows NT 6.1; Win64; x64; rv:63.0) Gecko/20100101 Firefox/63.0','[]','[]',1,'625507659@qq.com','127.0.0.1',1543299370,1543299370),(422,'rbac/menu/index','http://hehetask.admin/rbac/menu/index','Mozilla/5.0 (Windows NT 6.1; Win64; x64; rv:63.0) Gecko/20100101 Firefox/63.0','[]','[]',1,'625507659@qq.com','127.0.0.1',1543299371,1543299371),(423,'site/index','http://hehetask.admin/','Mozilla/5.0 (Windows NT 6.1; Win64; x64; rv:63.0) Gecko/20100101 Firefox/63.0','[]','[]',1,'625507659@qq.com','127.0.0.1',1543299373,1543299373),(424,'rbac/menu/index','http://hehetask.admin/rbac/menu/index','Mozilla/5.0 (Windows NT 6.1; Win64; x64; rv:63.0) Gecko/20100101 Firefox/63.0','[]','[]',1,'625507659@qq.com','127.0.0.1',1543299374,1543299374),(425,'rbac/menu/update','http://hehetask.admin/rbac/menu/update?id=32','Mozilla/5.0 (Windows NT 6.1; Win64; x64; rv:63.0) Gecko/20100101 Firefox/63.0','{\"id\":\"32\"}','[]',1,'625507659@qq.com','127.0.0.1',1543299388,1543299388),(426,'site/index','http://hehetask.admin/','Mozilla/5.0 (Windows NT 6.1; Win64; x64; rv:63.0) Gecko/20100101 Firefox/63.0','[]','[]',1,'625507659@qq.com','127.0.0.1',1543299503,1543299503),(427,'rbac/menu/index','http://hehetask.admin/rbac/menu/index','Mozilla/5.0 (Windows NT 6.1; Win64; x64; rv:63.0) Gecko/20100101 Firefox/63.0','[]','[]',1,'625507659@qq.com','127.0.0.1',1543299509,1543299509),(428,'rbac/menu/index','http://hehetask.admin/rbac/menu/index','Mozilla/5.0 (Windows NT 6.1; Win64; x64; rv:63.0) Gecko/20100101 Firefox/63.0','[]','[]',1,'625507659@qq.com','127.0.0.1',1543299527,1543299527),(429,'rbac/menu/update','http://hehetask.admin/rbac/menu/update?id=4','Mozilla/5.0 (Windows NT 6.1; Win64; x64; rv:63.0) Gecko/20100101 Firefox/63.0','{\"id\":\"4\"}','[]',1,'625507659@qq.com','127.0.0.1',1543299534,1543299534),(430,'rbac/rule/index','http://hehetask.admin/rbac/rule/index','Mozilla/5.0 (Windows NT 6.1; Win64; x64; rv:63.0) Gecko/20100101 Firefox/63.0','[]','[]',1,'625507659@qq.com','127.0.0.1',1543299546,1543299546),(431,'rbac/menu/index','http://hehetask.admin/rbac/menu/index','Mozilla/5.0 (Windows NT 6.1; Win64; x64; rv:63.0) Gecko/20100101 Firefox/63.0','[]','[]',1,'625507659@qq.com','127.0.0.1',1543299550,1543299550),(432,'system/user/index','http://hehetask.admin/system/user/index','Mozilla/5.0 (Windows NT 6.1; Win64; x64; rv:63.0) Gecko/20100101 Firefox/63.0','[]','[]',1,'625507659@qq.com','127.0.0.1',1543300026,1543300026),(433,'rbac/user/index','http://hehetask.admin/rbac/user/index','Mozilla/5.0 (Windows NT 6.1; Win64; x64; rv:63.0) Gecko/20100101 Firefox/63.0','[]','[]',1,'625507659@qq.com','127.0.0.1',1543300922,1543300922),(434,'site/index','http://hehetask.admin/','Mozilla/5.0 (Windows NT 6.1; Win64; x64; rv:63.0) Gecko/20100101 Firefox/63.0','[]','[]',1,'625507659@qq.com','127.0.0.1',1543312852,1543312852),(435,'system/user/index','http://hehetask.admin/system/user/index','Mozilla/5.0 (Windows NT 6.1; Win64; x64; rv:63.0) Gecko/20100101 Firefox/63.0','[]','[]',1,'625507659@qq.com','127.0.0.1',1543312857,1543312857),(436,'rbac/menu/index','http://hehetask.admin/rbac/menu/index','Mozilla/5.0 (Windows NT 6.1; Win64; x64; rv:63.0) Gecko/20100101 Firefox/63.0','[]','[]',1,'625507659@qq.com','127.0.0.1',1543312858,1543312858),(437,'rbac/user/index','http://hehetask.admin/rbac/user/index','Mozilla/5.0 (Windows NT 6.1; Win64; x64; rv:63.0) Gecko/20100101 Firefox/63.0','[]','[]',1,'625507659@qq.com','127.0.0.1',1543312860,1543312860),(438,'process/executor/index','http://hehetask.admin/process/executor/index','Mozilla/5.0 (Windows NT 6.1; Win64; x64; rv:63.0) Gecko/20100101 Firefox/63.0','[]','[]',1,'625507659@qq.com','127.0.0.1',1543313364,1543313364),(439,'process/executor/index','http://hehetask.admin/process/executor/index','Mozilla/5.0 (Windows NT 6.1; Win64; x64; rv:63.0) Gecko/20100101 Firefox/63.0','[]','[]',1,'625507659@qq.com','127.0.0.1',1543313488,1543313488),(440,'process/executor/index','http://hehetask.admin/process/executor/index','Mozilla/5.0 (Windows NT 6.1; Win64; x64; rv:63.0) Gecko/20100101 Firefox/63.0','[]','[]',1,'625507659@qq.com','127.0.0.1',1543313779,1543313779),(441,'process/executor/index','http://hehetask.admin/process/executor/index','Mozilla/5.0 (Windows NT 6.1; Win64; x64; rv:63.0) Gecko/20100101 Firefox/63.0','[]','[]',1,'625507659@qq.com','127.0.0.1',1543313788,1543313788),(442,'process/executor/index','http://hehetask.admin/process/executor/index','Mozilla/5.0 (Windows NT 6.1; Win64; x64; rv:63.0) Gecko/20100101 Firefox/63.0','[]','[]',1,'625507659@qq.com','127.0.0.1',1543313856,1543313856),(443,'process/executor/index','http://hehetask.admin/process/executor/index','Mozilla/5.0 (Windows NT 6.1; Win64; x64; rv:63.0) Gecko/20100101 Firefox/63.0','[]','[]',1,'625507659@qq.com','127.0.0.1',1543313903,1543313903),(444,'process/executor/create','http://hehetask.admin/process/executor/create','Mozilla/5.0 (Windows NT 6.1; Win64; x64; rv:63.0) Gecko/20100101 Firefox/63.0','[]','[]',1,'625507659@qq.com','127.0.0.1',1543313910,1543313910),(445,'process/executor/index','http://hehetask.admin/process/executor/index','Mozilla/5.0 (Windows NT 6.1; Win64; x64; rv:63.0) Gecko/20100101 Firefox/63.0','[]','[]',1,'625507659@qq.com','127.0.0.1',1543314042,1543314042),(446,'process/executor/create','http://hehetask.admin/process/executor/create','Mozilla/5.0 (Windows NT 6.1; Win64; x64; rv:63.0) Gecko/20100101 Firefox/63.0','[]','[]',1,'625507659@qq.com','127.0.0.1',1543314048,1543314048),(447,'process/executor/create','http://hehetask.admin/process/executor/create','Mozilla/5.0 (Windows NT 6.1; Win64; x64; rv:63.0) Gecko/20100101 Firefox/63.0','[]','[]',1,'625507659@qq.com','127.0.0.1',1543314054,1543314054),(448,'process/executor/create','http://hehetask.admin/process/executor/create','Mozilla/5.0 (Windows NT 6.1; Win64; x64; rv:63.0) Gecko/20100101 Firefox/63.0','[]','{\"_csrf-backend\":\"bNMZAZM56Mjmo2HZzVZNKg8guBrmi7IcAeb6BQEGnqpZ4UNzxFCAnLOSCO2_BXhTVU2AYqr8h2o5p9d9Viv1zQ==\",\"Executor\":{\"name\":\"\\u63a8\\u8350\\u4f4d\\u4efb\\u52a1\\u6267\\u884c\\u5668\",\"unique_key\":\"app_slot\",\"sort\":\"1\",\"type\":\"1\",\"ips\":\"\",\"topic\":\"process_slot_job\"}}',1,'625507659@qq.com','127.0.0.1',1543314291,1543314291),(449,'process/executor/index','http://hehetask.admin/process/executor/index','Mozilla/5.0 (Windows NT 6.1; Win64; x64; rv:63.0) Gecko/20100101 Firefox/63.0','[]','[]',1,'625507659@qq.com','127.0.0.1',1543314434,1543314434),(450,'process/executor/update','http://hehetask.admin/process/executor/update?id=1','Mozilla/5.0 (Windows NT 6.1; Win64; x64; rv:63.0) Gecko/20100101 Firefox/63.0','{\"id\":\"1\"}','[]',1,'625507659@qq.com','127.0.0.1',1543314552,1543314552),(451,'process/executor/index','http://hehetask.admin/process/executor/index','Mozilla/5.0 (Windows NT 6.1; Win64; x64; rv:63.0) Gecko/20100101 Firefox/63.0','[]','[]',1,'625507659@qq.com','127.0.0.1',1543314558,1543314558),(452,'process/executor/create','http://hehetask.admin/process/executor/create','Mozilla/5.0 (Windows NT 6.1; Win64; x64; rv:63.0) Gecko/20100101 Firefox/63.0','[]','[]',1,'625507659@qq.com','127.0.0.1',1543314560,1543314560),(453,'process/executor/index','http://hehetask.admin/process/executor/index','Mozilla/5.0 (Windows NT 6.1; Win64; x64; rv:63.0) Gecko/20100101 Firefox/63.0','[]','[]',1,'625507659@qq.com','127.0.0.1',1543314565,1543314565),(454,'process/executor/index','http://hehetask.admin/process/executor/index','Mozilla/5.0 (Windows NT 6.1; Win64; x64; rv:63.0) Gecko/20100101 Firefox/63.0','[]','[]',1,'625507659@qq.com','127.0.0.1',1543314651,1543314651),(455,'process/executor/update','http://hehetask.admin/process/executor/update?id=1','Mozilla/5.0 (Windows NT 6.1; Win64; x64; rv:63.0) Gecko/20100101 Firefox/63.0','{\"id\":\"1\"}','[]',1,'625507659@qq.com','127.0.0.1',1543314655,1543314655),(456,'process/executor/update','http://hehetask.admin/process/executor/update?id=1','Mozilla/5.0 (Windows NT 6.1; Win64; x64; rv:63.0) Gecko/20100101 Firefox/63.0','{\"id\":\"1\"}','{\"_csrf-backend\":\"vlbjHfM8f1HBvM4t_2HVuYsgFQmTwXeNp3icUmArXQCLZLlvpFUXBZSNpxmNMuDA0U0tcd-2QvufObEqNwY2Zw==\",\"Executor\":{\"name\":\"\\u63a8\\u8350\\u4f4d\\u4efb\\u52a1\\u6267\\u884c\\u5668\",\"unique_key\":\"app_slot\",\"sort\":\"1\",\"type\":\"1\",\"ips\":\"\",\"topic\":\"\"}}',1,'625507659@qq.com','127.0.0.1',1543314688,1543314688),(457,'process/executor/index','http://hehetask.admin/process/executor/index','Mozilla/5.0 (Windows NT 6.1; Win64; x64; rv:63.0) Gecko/20100101 Firefox/63.0','[]','[]',1,'625507659@qq.com','127.0.0.1',1543314782,1543314782),(458,'process/executor/update','http://hehetask.admin/process/executor/update?id=1','Mozilla/5.0 (Windows NT 6.1; Win64; x64; rv:63.0) Gecko/20100101 Firefox/63.0','{\"id\":\"1\"}','[]',1,'625507659@qq.com','127.0.0.1',1543314784,1543314784),(459,'process/executor/update','http://hehetask.admin/process/executor/update?id=1','Mozilla/5.0 (Windows NT 6.1; Win64; x64; rv:63.0) Gecko/20100101 Firefox/63.0','{\"id\":\"1\"}','{\"_csrf-backend\":\"1FMHlRhGU9SP-wTNPgZUIGhl9XHNXgGrSfJsYFvuJHrhYV3nTy87gNrKbflMVWFZMgjNCYEpNN1xs0EYDMNPHQ==\",\"Executor\":{\"name\":\"\\u63a8\\u8350\\u4f4d\\u4efb\\u52a1\\u6267\\u884c\\u5668\",\"unique_key\":\"app_slot\",\"sort\":\"1\",\"type\":\"1\",\"ips\":\"\",\"topic\":\"\"}}',1,'625507659@qq.com','127.0.0.1',1543314789,1543314789),(460,'process/executor/view','http://hehetask.admin/process/executor/view?id=1','Mozilla/5.0 (Windows NT 6.1; Win64; x64; rv:63.0) Gecko/20100101 Firefox/63.0','{\"id\":\"1\"}','[]',1,'625507659@qq.com','127.0.0.1',1543314790,1543314790),(461,'process/executor/index','http://hehetask.admin/process/executor/index','Mozilla/5.0 (Windows NT 6.1; Win64; x64; rv:63.0) Gecko/20100101 Firefox/63.0','[]','[]',1,'625507659@qq.com','127.0.0.1',1543314795,1543314795),(462,'process/executor/create','http://hehetask.admin/process/executor/create','Mozilla/5.0 (Windows NT 6.1; Win64; x64; rv:63.0) Gecko/20100101 Firefox/63.0','[]','[]',1,'625507659@qq.com','127.0.0.1',1543314797,1543314797),(463,'process/executor/index','http://hehetask.admin/process/executor/index','Mozilla/5.0 (Windows NT 6.1; Win64; x64; rv:63.0) Gecko/20100101 Firefox/63.0','[]','[]',1,'625507659@qq.com','127.0.0.1',1543314802,1543314802),(464,'site/index','http://hehetask.admin/','Mozilla/5.0 (Windows NT 6.1; Win64; x64; rv:63.0) Gecko/20100101 Firefox/63.0','[]','[]',1,'625507659@qq.com','127.0.0.1',1543314807,1543314807),(465,'process/executor/index','http://hehetask.admin/process/executor/index','Mozilla/5.0 (Windows NT 6.1; Win64; x64; rv:63.0) Gecko/20100101 Firefox/63.0','[]','[]',1,'625507659@qq.com','127.0.0.1',1543314810,1543314810),(466,'process/executor/view','http://hehetask.admin/process/executor/view?id=1','Mozilla/5.0 (Windows NT 6.1; Win64; x64; rv:63.0) Gecko/20100101 Firefox/63.0','{\"id\":\"1\"}','[]',1,'625507659@qq.com','127.0.0.1',1543314813,1543314813),(467,'process/executor/update','http://hehetask.admin/process/executor/update?id=1','Mozilla/5.0 (Windows NT 6.1; Win64; x64; rv:63.0) Gecko/20100101 Firefox/63.0','{\"id\":\"1\"}','[]',1,'625507659@qq.com','127.0.0.1',1543314819,1543314819),(468,'process/executor/index','http://hehetask.admin/process/executor/index','Mozilla/5.0 (Windows NT 6.1; Win64; x64; rv:63.0) Gecko/20100101 Firefox/63.0','[]','[]',1,'625507659@qq.com','127.0.0.1',1543314823,1543314823),(469,'process/executor/index','http://hehetask.admin/process/executor/index','Mozilla/5.0 (Windows NT 6.1; Win64; x64; rv:63.0) Gecko/20100101 Firefox/63.0','[]','[]',1,'625507659@qq.com','127.0.0.1',1543314825,1543314825),(470,'process/executor/update','http://hehetask.admin/process/executor/update?id=1','Mozilla/5.0 (Windows NT 6.1; Win64; x64; rv:63.0) Gecko/20100101 Firefox/63.0','{\"id\":\"1\"}','[]',1,'625507659@qq.com','127.0.0.1',1543370324,1543370324),(471,'site/index','http://hehetask.admin/','Mozilla/5.0 (Windows NT 6.1; Win64; x64; rv:63.0) Gecko/20100101 Firefox/63.0','[]','[]',1,'625507659@qq.com','127.0.0.1',1543370326,1543370326),(472,'process/executor/index','http://hehetask.admin/process/executor/index','Mozilla/5.0 (Windows NT 6.1; Win64; x64; rv:63.0) Gecko/20100101 Firefox/63.0','[]','[]',1,'625507659@qq.com','127.0.0.1',1543370334,1543370334),(473,'site/index','http://hehetask.admin/','Mozilla/5.0 (Windows NT 6.1; Win64; x64; rv:63.0) Gecko/20100101 Firefox/63.0','[]','[]',1,'625507659@qq.com','127.0.0.1',1543372682,1543372682),(474,'process/executor/index','http://hehetask.admin/process/executor/index','Mozilla/5.0 (Windows NT 6.1; Win64; x64; rv:63.0) Gecko/20100101 Firefox/63.0','[]','[]',1,'625507659@qq.com','127.0.0.1',1543372685,1543372685),(475,'site/index','http://hehetask.admin/','Mozilla/5.0 (Windows NT 6.1; Win64; x64; rv:63.0) Gecko/20100101 Firefox/63.0','[]','[]',1,'625507659@qq.com','127.0.0.1',1543372692,1543372692),(476,'process/executor/index','http://hehetask.admin/process/executor/index','Mozilla/5.0 (Windows NT 6.1; Win64; x64; rv:63.0) Gecko/20100101 Firefox/63.0','[]','[]',1,'625507659@qq.com','127.0.0.1',1543372694,1543372694),(477,'rbac/log/index','http://hehetask.admin/rbac/log/index','Mozilla/5.0 (Windows NT 6.1; Win64; x64; rv:63.0) Gecko/20100101 Firefox/63.0','[]','[]',1,'625507659@qq.com','127.0.0.1',1543372704,1543372704),(478,'process/executor/index','http://hehetask.admin/process/executor/index','Mozilla/5.0 (Windows NT 6.1; Win64; x64; rv:63.0) Gecko/20100101 Firefox/63.0','[]','[]',1,'625507659@qq.com','127.0.0.1',1543372705,1543372705),(479,'site/index','http://hehetask.admin/','Mozilla/5.0 (Windows NT 6.1; Win64; x64; rv:63.0) Gecko/20100101 Firefox/63.0','[]','[]',1,'625507659@qq.com','127.0.0.1',1543372705,1543372705),(480,'process/executor/update','http://hehetask.admin/process/executor/update?id=1','Mozilla/5.0 (Windows NT 6.1; Win64; x64; rv:63.0) Gecko/20100101 Firefox/63.0','{\"id\":\"1\"}','[]',1,'625507659@qq.com','127.0.0.1',1543372706,1543372706),(481,'process/executor/view','http://hehetask.admin/process/executor/view?id=1','Mozilla/5.0 (Windows NT 6.1; Win64; x64; rv:63.0) Gecko/20100101 Firefox/63.0','{\"id\":\"1\"}','[]',1,'625507659@qq.com','127.0.0.1',1543372706,1543372706),(482,'process/executor/create','http://hehetask.admin/process/executor/create','Mozilla/5.0 (Windows NT 6.1; Win64; x64; rv:63.0) Gecko/20100101 Firefox/63.0','[]','[]',1,'625507659@qq.com','127.0.0.1',1543372706,1543372706),(483,'process/executor/index','http://hehetask.admin/process/executor/index','Mozilla/5.0 (Windows NT 6.1; Win64; x64; rv:63.0) Gecko/20100101 Firefox/63.0','[]','[]',1,'625507659@qq.com','127.0.0.1',1543372709,1543372709),(484,'process/executor/index','http://hehetask.admin/process/executor/index','Mozilla/5.0 (Windows NT 6.1; Win64; x64; rv:63.0) Gecko/20100101 Firefox/63.0','[]','[]',1,'625507659@qq.com','127.0.0.1',1543372729,1543372729),(485,'site/index','http://hehetask.admin/','Mozilla/5.0 (Windows NT 6.1; Win64; x64; rv:63.0) Gecko/20100101 Firefox/63.0','[]','[]',1,'625507659@qq.com','127.0.0.1',1543372749,1543372749),(486,'process/executor/index','http://hehetask.admin/process/executor/index','Mozilla/5.0 (Windows NT 6.1; Win64; x64; rv:63.0) Gecko/20100101 Firefox/63.0','[]','[]',1,'625507659@qq.com','127.0.0.1',1543372750,1543372750),(487,'site/index','http://hehetask.admin/','Mozilla/5.0 (Windows NT 6.1; Win64; x64; rv:63.0) Gecko/20100101 Firefox/63.0','[]','[]',1,'625507659@qq.com','127.0.0.1',1543372753,1543372753),(488,'process/executor/index','http://hehetask.admin/process/executor/index','Mozilla/5.0 (Windows NT 6.1; Win64; x64; rv:63.0) Gecko/20100101 Firefox/63.0','[]','[]',1,'625507659@qq.com','127.0.0.1',1543372756,1543372756),(489,'process/executor/update','http://hehetask.admin/process/executor/update?id=1','Mozilla/5.0 (Windows NT 6.1; Win64; x64; rv:63.0) Gecko/20100101 Firefox/63.0','{\"id\":\"1\"}','[]',1,'625507659@qq.com','127.0.0.1',1543372758,1543372758),(490,'process/executor/index','http://hehetask.admin/process/executor/index','Mozilla/5.0 (Windows NT 6.1; Win64; x64; rv:63.0) Gecko/20100101 Firefox/63.0','[]','[]',1,'625507659@qq.com','127.0.0.1',1543372760,1543372760),(491,'site/index','http://hehetask.admin/','Mozilla/5.0 (Windows NT 6.1; Win64; x64; rv:63.0) Gecko/20100101 Firefox/63.0','[]','[]',1,'625507659@qq.com','127.0.0.1',1543372770,1543372770),(492,'process/executor/index','http://hehetask.admin/process/executor/index','Mozilla/5.0 (Windows NT 6.1; Win64; x64; rv:63.0) Gecko/20100101 Firefox/63.0','[]','[]',1,'625507659@qq.com','127.0.0.1',1543372772,1543372772),(493,'process/executor/update','http://hehetask.admin/process/executor/update?id=1','Mozilla/5.0 (Windows NT 6.1; Win64; x64; rv:63.0) Gecko/20100101 Firefox/63.0','{\"id\":\"1\"}','[]',1,'625507659@qq.com','127.0.0.1',1543372774,1543372774),(494,'process/executor/index','http://hehetask.admin/process/executor/index','Mozilla/5.0 (Windows NT 6.1; Win64; x64; rv:63.0) Gecko/20100101 Firefox/63.0','[]','[]',1,'625507659@qq.com','127.0.0.1',1543372778,1543372778),(495,'site/index','http://hehetask.admin/','Mozilla/5.0 (Windows NT 6.1; Win64; x64; rv:63.0) Gecko/20100101 Firefox/63.0','[]','[]',1,'625507659@qq.com','127.0.0.1',1543372973,1543372973),(496,'process/executor/index','http://hehetask.admin/process/executor/index','Mozilla/5.0 (Windows NT 6.1; Win64; x64; rv:63.0) Gecko/20100101 Firefox/63.0','[]','[]',1,'625507659@qq.com','127.0.0.1',1543372976,1543372976),(497,'site/index','http://hehetask.admin/','Mozilla/5.0 (Windows NT 6.1; Win64; x64; rv:63.0) Gecko/20100101 Firefox/63.0','[]','[]',1,'625507659@qq.com','127.0.0.1',1543373369,1543373369),(498,'site/index','http://hehetask.admin/','Mozilla/5.0 (Windows NT 6.1; Win64; x64; rv:63.0) Gecko/20100101 Firefox/63.0','[]','[]',1,'625507659@qq.com','127.0.0.1',1543373487,1543373487),(499,'site/index','http://hehetask.admin/','Mozilla/5.0 (Windows NT 6.1; Win64; x64; rv:63.0) Gecko/20100101 Firefox/63.0','[]','[]',1,'625507659@qq.com','127.0.0.1',1543373688,1543373688),(500,'process/executor/index','http://hehetask.admin/process/executor/index','Mozilla/5.0 (Windows NT 6.1; Win64; x64; rv:63.0) Gecko/20100101 Firefox/63.0','[]','[]',1,'625507659@qq.com','127.0.0.1',1543373690,1543373690),(501,'process/executor/create','http://hehetask.admin/process/executor/create','Mozilla/5.0 (Windows NT 6.1; Win64; x64; rv:63.0) Gecko/20100101 Firefox/63.0','[]','[]',1,'625507659@qq.com','127.0.0.1',1543373711,1543373711),(502,'process/executor/index','http://hehetask.admin/process/executor/index','Mozilla/5.0 (Windows NT 6.1; Win64; x64; rv:63.0) Gecko/20100101 Firefox/63.0','[]','[]',1,'625507659@qq.com','127.0.0.1',1543373716,1543373716),(503,'site/index','http://hehetask.admin/','Mozilla/5.0 (Windows NT 6.1; Win64; x64; rv:63.0) Gecko/20100101 Firefox/63.0','[]','[]',1,'625507659@qq.com','127.0.0.1',1543373850,1543373850),(504,'process/executor/index','http://hehetask.admin/process/executor/index','Mozilla/5.0 (Windows NT 6.1; Win64; x64; rv:63.0) Gecko/20100101 Firefox/63.0','[]','[]',1,'625507659@qq.com','127.0.0.1',1543373853,1543373853),(505,'site/index','http://hehetask.admin/','Mozilla/5.0 (Windows NT 6.1; Win64; x64; rv:63.0) Gecko/20100101 Firefox/63.0','[]','[]',1,'625507659@qq.com','127.0.0.1',1543373880,1543373880),(506,'process/executor/index','http://hehetask.admin/process/executor/index','Mozilla/5.0 (Windows NT 6.1; Win64; x64; rv:63.0) Gecko/20100101 Firefox/63.0','[]','[]',1,'625507659@qq.com','127.0.0.1',1543373882,1543373882),(507,'site/index','http://hehetask.admin/','Mozilla/5.0 (Windows NT 6.1; Win64; x64; rv:63.0) Gecko/20100101 Firefox/63.0','[]','[]',1,'625507659@qq.com','127.0.0.1',1543373890,1543373890),(508,'process/executor/index','http://hehetask.admin/process/executor/index','Mozilla/5.0 (Windows NT 6.1; Win64; x64; rv:63.0) Gecko/20100101 Firefox/63.0','[]','[]',1,'625507659@qq.com','127.0.0.1',1543373891,1543373891),(509,'site/index','http://hehetask.admin/','Mozilla/5.0 (Windows NT 6.1; Win64; x64; rv:63.0) Gecko/20100101 Firefox/63.0','[]','[]',1,'625507659@qq.com','127.0.0.1',1543373901,1543373901),(510,'process/executor/index','http://hehetask.admin/process/executor/index','Mozilla/5.0 (Windows NT 6.1; Win64; x64; rv:63.0) Gecko/20100101 Firefox/63.0','[]','[]',1,'625507659@qq.com','127.0.0.1',1543373904,1543373904),(511,'site/index','http://hehetask.admin/','Mozilla/5.0 (Windows NT 6.1; Win64; x64; rv:63.0) Gecko/20100101 Firefox/63.0','[]','[]',1,'625507659@qq.com','127.0.0.1',1543373964,1543373964),(512,'process/executor/index','http://hehetask.admin/process/executor/index','Mozilla/5.0 (Windows NT 6.1; Win64; x64; rv:63.0) Gecko/20100101 Firefox/63.0','[]','[]',1,'625507659@qq.com','127.0.0.1',1543373967,1543373967),(513,'process/executor/index','http://hehetask.admin/process/executor/index','Mozilla/5.0 (Windows NT 6.1; Win64; x64; rv:63.0) Gecko/20100101 Firefox/63.0','[]','[]',1,'625507659@qq.com','127.0.0.1',1543373991,1543373991),(514,'site/index','http://hehetask.admin/','Mozilla/5.0 (Windows NT 6.1; Win64; x64; rv:63.0) Gecko/20100101 Firefox/63.0','[]','[]',1,'625507659@qq.com','127.0.0.1',1543374016,1543374016),(515,'process/executor/index','http://hehetask.admin/process/executor/index','Mozilla/5.0 (Windows NT 6.1; Win64; x64; rv:63.0) Gecko/20100101 Firefox/63.0','[]','[]',1,'625507659@qq.com','127.0.0.1',1543374020,1543374020),(516,'site/index','http://hehetask.admin/','Mozilla/5.0 (Windows NT 6.1; Win64; x64; rv:63.0) Gecko/20100101 Firefox/63.0','[]','[]',1,'625507659@qq.com','127.0.0.1',1543374034,1543374034),(517,'process/executor/index','http://hehetask.admin/process/executor/index','Mozilla/5.0 (Windows NT 6.1; Win64; x64; rv:63.0) Gecko/20100101 Firefox/63.0','[]','[]',1,'625507659@qq.com','127.0.0.1',1543374037,1543374037),(518,'process/executor/create','http://hehetask.admin/process/executor/create','Mozilla/5.0 (Windows NT 6.1; Win64; x64; rv:63.0) Gecko/20100101 Firefox/63.0','[]','[]',1,'625507659@qq.com','127.0.0.1',1543374072,1543374072),(519,'process/executor/index','http://hehetask.admin/process/executor/index','Mozilla/5.0 (Windows NT 6.1; Win64; x64; rv:63.0) Gecko/20100101 Firefox/63.0','[]','[]',1,'625507659@qq.com','127.0.0.1',1543374080,1543374080),(520,'process/executor/create','http://hehetask.admin/process/executor/create','Mozilla/5.0 (Windows NT 6.1; Win64; x64; rv:63.0) Gecko/20100101 Firefox/63.0','[]','[]',1,'625507659@qq.com','127.0.0.1',1543374082,1543374082),(521,'process/executor/index','http://hehetask.admin/process/executor/index','Mozilla/5.0 (Windows NT 6.1; Win64; x64; rv:63.0) Gecko/20100101 Firefox/63.0','[]','[]',1,'625507659@qq.com','127.0.0.1',1543374086,1543374086),(522,'site/index','http://hehetask.admin/','Mozilla/5.0 (Windows NT 6.1; Win64; x64; rv:63.0) Gecko/20100101 Firefox/63.0','[]','[]',1,'625507659@qq.com','127.0.0.1',1543374206,1543374206),(523,'process/executor/index','http://hehetask.admin/process/executor/index','Mozilla/5.0 (Windows NT 6.1; Win64; x64; rv:63.0) Gecko/20100101 Firefox/63.0','[]','[]',1,'625507659@qq.com','127.0.0.1',1543374209,1543374209),(524,'process/executor/create','http://hehetask.admin/process/executor/create','Mozilla/5.0 (Windows NT 6.1; Win64; x64; rv:63.0) Gecko/20100101 Firefox/63.0','[]','[]',1,'625507659@qq.com','127.0.0.1',1543374222,1543374222),(525,'process/executor/index','http://hehetask.admin/process/executor/index','Mozilla/5.0 (Windows NT 6.1; Win64; x64; rv:63.0) Gecko/20100101 Firefox/63.0','[]','[]',1,'625507659@qq.com','127.0.0.1',1543374224,1543374224),(526,'site/index','http://hehetask.admin/','Mozilla/5.0 (Windows NT 6.1; Win64; x64; rv:63.0) Gecko/20100101 Firefox/63.0','[]','[]',1,'625507659@qq.com','127.0.0.1',1543374410,1543374410),(527,'process/executor/index','http://hehetask.admin/process/executor/index','Mozilla/5.0 (Windows NT 6.1; Win64; x64; rv:63.0) Gecko/20100101 Firefox/63.0','[]','[]',1,'625507659@qq.com','127.0.0.1',1543374414,1543374414),(528,'process/executor/index','http://hehetask.admin/process/executor/index?ExecutorSearch%5Bname%5D=&ExecutorSearch%5Bunique_key%5D=app_slot','Mozilla/5.0 (Windows NT 6.1; Win64; x64; rv:63.0) Gecko/20100101 Firefox/63.0','{\"ExecutorSearch\":{\"name\":\"\",\"unique_key\":\"app_slot\"}}','[]',1,'625507659@qq.com','127.0.0.1',1543374421,1543374421),(529,'process/executor/create','http://hehetask.admin/process/executor/create','Mozilla/5.0 (Windows NT 6.1; Win64; x64; rv:63.0) Gecko/20100101 Firefox/63.0','[]','[]',1,'625507659@qq.com','127.0.0.1',1543374431,1543374431),(530,'process/executor/create','http://hehetask.admin/process/executor/create','Mozilla/5.0 (Windows NT 6.1; Win64; x64; rv:63.0) Gecko/20100101 Firefox/63.0','[]','{\"_csrf-backend\":\"NhqQ6eEz_9mI2wMsQh1GwsipBXrNAssoi5QZwsPtZuwDKMqbtlqXjd3qahgwTnO7ksQ9AoF1_l6z1TS6lMANiw==\",\"Executor\":{\"name\":\"\\u6587\\u6863\\u4efb\\u52a1\\u6267\\u884c\\u5668\",\"unique_key\":\"app_document\",\"sort\":\"2\",\"type\":\"1\",\"ips\":\"\",\"topic\":\"process_document_job\"}}',1,'625507659@qq.com','127.0.0.1',1543374497,1543374497),(531,'process/executor/view','http://hehetask.admin/process/executor/view?id=2','Mozilla/5.0 (Windows NT 6.1; Win64; x64; rv:63.0) Gecko/20100101 Firefox/63.0','{\"id\":\"2\"}','[]',1,'625507659@qq.com','127.0.0.1',1543374498,1543374498),(532,'process/executor/index','http://hehetask.admin/process/executor/index?ExecutorSearch%5Bname%5D=&ExecutorSearch%5Bunique_key%5D=app_slot','Mozilla/5.0 (Windows NT 6.1; Win64; x64; rv:63.0) Gecko/20100101 Firefox/63.0','{\"ExecutorSearch\":{\"name\":\"\",\"unique_key\":\"app_slot\"}}','[]',1,'625507659@qq.com','127.0.0.1',1543374500,1543374500),(533,'site/index','http://hehetask.admin/','Mozilla/5.0 (Windows NT 6.1; Win64; x64; rv:63.0) Gecko/20100101 Firefox/63.0','[]','[]',1,'625507659@qq.com','127.0.0.1',1543374509,1543374509),(534,'process/executor/index','http://hehetask.admin/process/executor/index','Mozilla/5.0 (Windows NT 6.1; Win64; x64; rv:63.0) Gecko/20100101 Firefox/63.0','[]','[]',1,'625507659@qq.com','127.0.0.1',1543374511,1543374511),(535,'process/executor/delete','http://hehetask.admin/process/executor/delete?id=2','Mozilla/5.0 (Windows NT 6.1; Win64; x64; rv:63.0) Gecko/20100101 Firefox/63.0','{\"id\":\"2\"}','[]',1,'625507659@qq.com','127.0.0.1',1543374526,1543374526),(536,'process/executor/index','http://hehetask.admin/process/executor/index','Mozilla/5.0 (Windows NT 6.1; Win64; x64; rv:63.0) Gecko/20100101 Firefox/63.0','[]','[]',1,'625507659@qq.com','127.0.0.1',1543374527,1543374527),(537,'process/executor/create','http://hehetask.admin/process/executor/create','Mozilla/5.0 (Windows NT 6.1; Win64; x64; rv:63.0) Gecko/20100101 Firefox/63.0','[]','[]',1,'625507659@qq.com','127.0.0.1',1543374531,1543374531),(538,'process/executor/create','http://hehetask.admin/process/executor/create','Mozilla/5.0 (Windows NT 6.1; Win64; x64; rv:63.0) Gecko/20100101 Firefox/63.0','[]','{\"_csrf-backend\":\"0E3IlUD5_ffwgj8TK-3PEZtJJE9g-d302P9cPoSHqyXlf5LnF5CVo6WzVidZvvpowSQcNyyO6ILgvnFG06rAQg==\",\"Executor\":{\"name\":\"\\u6587\\u6863\\u4efb\\u52a1\\u6267\\u884c\\u5668\",\"unique_key\":\"app_document\",\"sort\":\"2\",\"type\":\"1\",\"ips\":\"\",\"topic\":\"process_document_job\"}}',1,'625507659@qq.com','127.0.0.1',1543374560,1543374560),(539,'process/executor/view','http://hehetask.admin/process/executor/view?id=3','Mozilla/5.0 (Windows NT 6.1; Win64; x64; rv:63.0) Gecko/20100101 Firefox/63.0','{\"id\":\"3\"}','[]',1,'625507659@qq.com','127.0.0.1',1543374560,1543374560),(540,'process/executor/index','http://hehetask.admin/process/executor/index','Mozilla/5.0 (Windows NT 6.1; Win64; x64; rv:63.0) Gecko/20100101 Firefox/63.0','[]','[]',1,'625507659@qq.com','127.0.0.1',1543374579,1543374579),(541,'process/executor/index','http://hehetask.admin/process/executor/index?ExecutorSearch%5Bname%5D=&ExecutorSearch%5Bunique_key%5D=app_document','Mozilla/5.0 (Windows NT 6.1; Win64; x64; rv:63.0) Gecko/20100101 Firefox/63.0','{\"ExecutorSearch\":{\"name\":\"\",\"unique_key\":\"app_document\"}}','[]',1,'625507659@qq.com','127.0.0.1',1543374592,1543374592),(542,'process/executor/index','http://hehetask.admin/process/executor/index?ExecutorSearch%5Bname%5D=&ExecutorSearch%5Bunique_key%5D=','Mozilla/5.0 (Windows NT 6.1; Win64; x64; rv:63.0) Gecko/20100101 Firefox/63.0','{\"ExecutorSearch\":{\"name\":\"\",\"unique_key\":\"\"}}','[]',1,'625507659@qq.com','127.0.0.1',1543374600,1543374600),(543,'process/executor/update','http://hehetask.admin/process/executor/update?id=3','Mozilla/5.0 (Windows NT 6.1; Win64; x64; rv:63.0) Gecko/20100101 Firefox/63.0','{\"id\":\"3\"}','[]',1,'625507659@qq.com','127.0.0.1',1543374618,1543374618),(544,'site/index','http://hehetask.admin/','Mozilla/5.0 (Windows NT 6.1; Win64; x64; rv:63.0) Gecko/20100101 Firefox/63.0','[]','[]',1,'625507659@qq.com','127.0.0.1',1543375558,1543375558),(545,'process/executor/index','http://hehetask.admin/process/executor/index','Mozilla/5.0 (Windows NT 6.1; Win64; x64; rv:63.0) Gecko/20100101 Firefox/63.0','[]','[]',1,'625507659@qq.com','127.0.0.1',1543375562,1543375562),(546,'site/index','http://hehetask.admin/','Mozilla/5.0 (Windows NT 6.1; Win64; x64; rv:63.0) Gecko/20100101 Firefox/63.0','[]','[]',1,'625507659@qq.com','127.0.0.1',1543375569,1543375569),(547,'process/executor/index','http://hehetask.admin/process/executor/index','Mozilla/5.0 (Windows NT 6.1; Win64; x64; rv:63.0) Gecko/20100101 Firefox/63.0','[]','[]',1,'625507659@qq.com','127.0.0.1',1543375570,1543375570),(548,'process/executor/update','http://hehetask.admin/process/executor/update?id=1','Mozilla/5.0 (Windows NT 6.1; Win64; x64; rv:63.0) Gecko/20100101 Firefox/63.0','{\"id\":\"1\"}','[]',1,'625507659@qq.com','127.0.0.1',1543375579,1543375579),(549,'site/index','http://hehetask.admin/','Mozilla/5.0 (Windows NT 6.1; Win64; x64; rv:63.0) Gecko/20100101 Firefox/63.0','[]','[]',1,'625507659@qq.com','127.0.0.1',1543375905,1543375905),(550,'process/executor/index','http://hehetask.admin/process/executor/index','Mozilla/5.0 (Windows NT 6.1; Win64; x64; rv:63.0) Gecko/20100101 Firefox/63.0','[]','[]',1,'625507659@qq.com','127.0.0.1',1543375907,1543375907),(551,'site/index','http://hehetask.admin/','Mozilla/5.0 (Windows NT 6.1; Win64; x64; rv:63.0) Gecko/20100101 Firefox/63.0','[]','[]',1,'625507659@qq.com','127.0.0.1',1543376073,1543376073),(552,'process/executor/index','http://hehetask.admin/process/executor/index','Mozilla/5.0 (Windows NT 6.1; Win64; x64; rv:63.0) Gecko/20100101 Firefox/63.0','[]','[]',1,'625507659@qq.com','127.0.0.1',1543376076,1543376076),(553,'site/index','http://hehetask.admin/','Mozilla/5.0 (Windows NT 6.1; Win64; x64; rv:63.0) Gecko/20100101 Firefox/63.0','[]','[]',1,'625507659@qq.com','127.0.0.1',1543384150,1543384150),(554,'site/index','http://hehetask.admin/','Mozilla/5.0 (Windows NT 6.1; Win64; x64; rv:63.0) Gecko/20100101 Firefox/63.0','[]','[]',1,'625507659@qq.com','127.0.0.1',1543386941,1543386941),(555,'site/index','http://hehetask.admin/','Mozilla/5.0 (Windows NT 6.1; Win64; x64; rv:63.0) Gecko/20100101 Firefox/63.0','[]','[]',1,'625507659@qq.com','127.0.0.1',1543388269,1543388269),(556,'rbac/permission/index','http://hehetask.admin/rbac/permission/index','Mozilla/5.0 (Windows NT 6.1; Win64; x64; rv:63.0) Gecko/20100101 Firefox/63.0','[]','[]',1,'625507659@qq.com','127.0.0.1',1543388275,1543388275),(557,'rbac/route/index','http://hehetask.admin/rbac/route/index','Mozilla/5.0 (Windows NT 6.1; Win64; x64; rv:63.0) Gecko/20100101 Firefox/63.0','[]','[]',1,'625507659@qq.com','127.0.0.1',1543388280,1543388280),(558,'rbac/route/remove','http://hehetask.admin/rbac/route/remove','Mozilla/5.0 (Windows NT 6.1; Win64; x64; rv:63.0) Gecko/20100101 Firefox/63.0','[]','{\"routes\":[\"\\/process\\/executor\\/index\"]}',1,'625507659@qq.com','127.0.0.1',1543388296,1543388296),(559,'rbac/route/create','http://hehetask.admin/rbac/route/create','Mozilla/5.0 (Windows NT 6.1; Win64; x64; rv:63.0) Gecko/20100101 Firefox/63.0','[]','{\"route\":\"\\/task\\/executor\\/index\"}',1,'625507659@qq.com','127.0.0.1',1543388336,1543388336),(560,'rbac/assignment/index','http://hehetask.admin/rbac/assignment/index','Mozilla/5.0 (Windows NT 6.1; Win64; x64; rv:63.0) Gecko/20100101 Firefox/63.0','[]','[]',1,'625507659@qq.com','127.0.0.1',1543388349,1543388349),(561,'rbac/role/index','http://hehetask.admin/rbac/role/index','Mozilla/5.0 (Windows NT 6.1; Win64; x64; rv:63.0) Gecko/20100101 Firefox/63.0','[]','[]',1,'625507659@qq.com','127.0.0.1',1543388355,1543388355),(562,'rbac/role/update','http://hehetask.admin/rbac/role/update?id=%E7%AE%A1%E7%90%86%E5%91%98','Mozilla/5.0 (Windows NT 6.1; Win64; x64; rv:63.0) Gecko/20100101 Firefox/63.0','{\"id\":\"\\u7ba1\\u7406\\u5458\"}','[]',1,'625507659@qq.com','127.0.0.1',1543388361,1543388361),(563,'rbac/user/index','http://hehetask.admin/rbac/user/index','Mozilla/5.0 (Windows NT 6.1; Win64; x64; rv:63.0) Gecko/20100101 Firefox/63.0','[]','[]',1,'625507659@qq.com','127.0.0.1',1543388374,1543388374),(564,'rbac/assignment/view','http://hehetask.admin/rbac/assignment/view?id=1','Mozilla/5.0 (Windows NT 6.1; Win64; x64; rv:63.0) Gecko/20100101 Firefox/63.0','{\"id\":\"1\"}','[]',1,'625507659@qq.com','127.0.0.1',1543388378,1543388378),(565,'rbac/role/index','http://hehetask.admin/rbac/role/index','Mozilla/5.0 (Windows NT 6.1; Win64; x64; rv:63.0) Gecko/20100101 Firefox/63.0','[]','[]',1,'625507659@qq.com','127.0.0.1',1543388393,1543388393),(566,'rbac/role/view','http://hehetask.admin/rbac/role/view?id=%E7%AE%A1%E7%90%86%E5%91%98','Mozilla/5.0 (Windows NT 6.1; Win64; x64; rv:63.0) Gecko/20100101 Firefox/63.0','{\"id\":\"\\u7ba1\\u7406\\u5458\"}','[]',1,'625507659@qq.com','127.0.0.1',1543388396,1543388396),(567,'rbac/role/index','http://hehetask.admin/rbac/role/index','Mozilla/5.0 (Windows NT 6.1; Win64; x64; rv:63.0) Gecko/20100101 Firefox/63.0','[]','[]',1,'625507659@qq.com','127.0.0.1',1543388438,1543388438),(568,'rbac/role/update','http://hehetask.admin/rbac/role/update?id=%E7%AE%A1%E7%90%86%E5%91%98','Mozilla/5.0 (Windows NT 6.1; Win64; x64; rv:63.0) Gecko/20100101 Firefox/63.0','{\"id\":\"\\u7ba1\\u7406\\u5458\"}','[]',1,'625507659@qq.com','127.0.0.1',1543388443,1543388443),(569,'rbac/role/view','http://hehetask.admin/rbac/role/view?id=%E7%AE%A1%E7%90%86%E5%91%98','Mozilla/5.0 (Windows NT 6.1; Win64; x64; rv:63.0) Gecko/20100101 Firefox/63.0','{\"id\":\"\\u7ba1\\u7406\\u5458\"}','[]',1,'625507659@qq.com','127.0.0.1',1543388449,1543388449),(570,'rbac/menu/index','http://hehetask.admin/rbac/menu/index','Mozilla/5.0 (Windows NT 6.1; Win64; x64; rv:63.0) Gecko/20100101 Firefox/63.0','[]','[]',1,'625507659@qq.com','127.0.0.1',1543388460,1543388460),(571,'rbac/menu/update','http://hehetask.admin/rbac/menu/update?id=33','Mozilla/5.0 (Windows NT 6.1; Win64; x64; rv:63.0) Gecko/20100101 Firefox/63.0','{\"id\":\"33\"}','[]',1,'625507659@qq.com','127.0.0.1',1543388468,1543388468),(572,'rbac/menu/update','http://hehetask.admin/rbac/menu/update?id=33','Mozilla/5.0 (Windows NT 6.1; Win64; x64; rv:63.0) Gecko/20100101 Firefox/63.0','{\"id\":\"33\"}','{\"_csrf-backend\":\"2v87GL748aiticPq6XkAIuKG2VQSSXIfBlRp-iIs6ve8jHxW-8HJwfndiNiBNFBIs_6GYVd8FVdwOSfXD2Kzmg==\",\"Menu\":{\"parent\":\"32\",\"name\":\"\\u6267\\u884c\\u5668\\u5217\\u8868\",\"parent_name\":\"\\u591a\\u4efb\\u52a1\\u7ba1\\u7406\",\"route\":\"\\/task\\/executor\\/index\",\"order\":\"0\",\"icon\":\"\"}}',1,'625507659@qq.com','127.0.0.1',1543388476,1543388476),(573,'rbac/menu/view','http://hehetask.admin/rbac/menu/view?id=33','Mozilla/5.0 (Windows NT 6.1; Win64; x64; rv:63.0) Gecko/20100101 Firefox/63.0','{\"id\":\"33\"}','[]',1,'625507659@qq.com','127.0.0.1',1543388477,1543388477),(574,'site/index','http://hehetask.admin/','Mozilla/5.0 (Windows NT 6.1; Win64; x64; rv:63.0) Gecko/20100101 Firefox/63.0','[]','[]',1,'625507659@qq.com','127.0.0.1',1543388479,1543388479),(575,'rbac/role/index','http://hehetask.admin/rbac/role/index','Mozilla/5.0 (Windows NT 6.1; Win64; x64; rv:63.0) Gecko/20100101 Firefox/63.0','[]','[]',1,'625507659@qq.com','127.0.0.1',1543388480,1543388480),(576,'rbac/menu/index','http://hehetask.admin/rbac/menu/index','Mozilla/5.0 (Windows NT 6.1; Win64; x64; rv:63.0) Gecko/20100101 Firefox/63.0','[]','[]',1,'625507659@qq.com','127.0.0.1',1543388481,1543388481),(577,'site/index','http://hehetask.admin/','Mozilla/5.0 (Windows NT 6.1; Win64; x64; rv:63.0) Gecko/20100101 Firefox/63.0','[]','[]',1,'625507659@qq.com','127.0.0.1',1543388488,1543388488),(578,'site/index','http://hehetask.admin/','Mozilla/5.0 (Windows NT 6.1; Win64; x64; rv:63.0) Gecko/20100101 Firefox/63.0','[]','[]',1,'625507659@qq.com','127.0.0.1',1543388493,1543388493),(579,'rbac/assignment/index','http://hehetask.admin/rbac/assignment/index','Mozilla/5.0 (Windows NT 6.1; Win64; x64; rv:63.0) Gecko/20100101 Firefox/63.0','[]','[]',1,'625507659@qq.com','127.0.0.1',1543388499,1543388499),(580,'rbac/assignment/view','http://hehetask.admin/rbac/assignment/view?id=1','Mozilla/5.0 (Windows NT 6.1; Win64; x64; rv:63.0) Gecko/20100101 Firefox/63.0','{\"id\":\"1\"}','[]',1,'625507659@qq.com','127.0.0.1',1543388501,1543388501),(581,'rbac/role/index','http://hehetask.admin/rbac/role/index','Mozilla/5.0 (Windows NT 6.1; Win64; x64; rv:63.0) Gecko/20100101 Firefox/63.0','[]','[]',1,'625507659@qq.com','127.0.0.1',1543388508,1543388508),(582,'rbac/role/view','http://hehetask.admin/rbac/role/view?id=%E7%AE%A1%E7%90%86%E5%91%98','Mozilla/5.0 (Windows NT 6.1; Win64; x64; rv:63.0) Gecko/20100101 Firefox/63.0','{\"id\":\"\\u7ba1\\u7406\\u5458\"}','[]',1,'625507659@qq.com','127.0.0.1',1543388510,1543388510),(583,'rbac/role/index','http://hehetask.admin/rbac/role/index','Mozilla/5.0 (Windows NT 6.1; Win64; x64; rv:63.0) Gecko/20100101 Firefox/63.0','[]','[]',1,'625507659@qq.com','127.0.0.1',1543388516,1543388516),(584,'rbac/permission/index','http://hehetask.admin/rbac/permission/index','Mozilla/5.0 (Windows NT 6.1; Win64; x64; rv:63.0) Gecko/20100101 Firefox/63.0','[]','[]',1,'625507659@qq.com','127.0.0.1',1543388523,1543388523),(585,'rbac/role/index','http://hehetask.admin/rbac/role/index','Mozilla/5.0 (Windows NT 6.1; Win64; x64; rv:63.0) Gecko/20100101 Firefox/63.0','[]','[]',1,'625507659@qq.com','127.0.0.1',1543388526,1543388526),(586,'site/index','http://hehetask.admin/','Mozilla/5.0 (Windows NT 6.1; Win64; x64; rv:63.0) Gecko/20100101 Firefox/63.0','[]','[]',1,'625507659@qq.com','127.0.0.1',1543388614,1543388614),(587,'rbac/role/index','http://hehetask.admin/rbac/role/index','Mozilla/5.0 (Windows NT 6.1; Win64; x64; rv:63.0) Gecko/20100101 Firefox/63.0','[]','[]',1,'625507659@qq.com','127.0.0.1',1543388616,1543388616),(588,'rbac/assignment/index','http://hehetask.admin/rbac/assignment/index','Mozilla/5.0 (Windows NT 6.1; Win64; x64; rv:63.0) Gecko/20100101 Firefox/63.0','[]','[]',1,'625507659@qq.com','127.0.0.1',1543388621,1543388621),(589,'rbac/assignment/view','http://hehetask.admin/rbac/assignment/view?id=1','Mozilla/5.0 (Windows NT 6.1; Win64; x64; rv:63.0) Gecko/20100101 Firefox/63.0','{\"id\":\"1\"}','[]',1,'625507659@qq.com','127.0.0.1',1543388626,1543388626),(590,'rbac/permission/index','http://hehetask.admin/rbac/permission/index','Mozilla/5.0 (Windows NT 6.1; Win64; x64; rv:63.0) Gecko/20100101 Firefox/63.0','[]','[]',1,'625507659@qq.com','127.0.0.1',1543388631,1543388631),(591,'rbac/role/index','http://hehetask.admin/rbac/role/index','Mozilla/5.0 (Windows NT 6.1; Win64; x64; rv:63.0) Gecko/20100101 Firefox/63.0','[]','[]',1,'625507659@qq.com','127.0.0.1',1543388637,1543388637),(592,'rbac/role/update','http://hehetask.admin/rbac/role/update?id=%E7%AE%A1%E7%90%86%E5%91%98','Mozilla/5.0 (Windows NT 6.1; Win64; x64; rv:63.0) Gecko/20100101 Firefox/63.0','{\"id\":\"\\u7ba1\\u7406\\u5458\"}','[]',1,'625507659@qq.com','127.0.0.1',1543388650,1543388650),(593,'rbac/role/view','http://hehetask.admin/rbac/role/view?id=%E7%AE%A1%E7%90%86%E5%91%98','Mozilla/5.0 (Windows NT 6.1; Win64; x64; rv:63.0) Gecko/20100101 Firefox/63.0','{\"id\":\"\\u7ba1\\u7406\\u5458\"}','[]',1,'625507659@qq.com','127.0.0.1',1543388656,1543388656),(594,'rbac/role/create','http://hehetask.admin/rbac/role/create','Mozilla/5.0 (Windows NT 6.1; Win64; x64; rv:63.0) Gecko/20100101 Firefox/63.0','[]','[]',1,'625507659@qq.com','127.0.0.1',1543388679,1543388679),(595,'rbac/role/index','http://hehetask.admin/rbac/role/index','Mozilla/5.0 (Windows NT 6.1; Win64; x64; rv:63.0) Gecko/20100101 Firefox/63.0','[]','[]',1,'625507659@qq.com','127.0.0.1',1543388683,1543388683),(596,'rbac/role/view','http://hehetask.admin/rbac/role/view?id=%E7%AE%A1%E7%90%86%E5%91%98','Mozilla/5.0 (Windows NT 6.1; Win64; x64; rv:63.0) Gecko/20100101 Firefox/63.0','{\"id\":\"\\u7ba1\\u7406\\u5458\"}','[]',1,'625507659@qq.com','127.0.0.1',1543388684,1543388684),(597,'rbac/role/assign','http://hehetask.admin/rbac/role/assign?id=%E7%AE%A1%E7%90%86%E5%91%98','Mozilla/5.0 (Windows NT 6.1; Win64; x64; rv:63.0) Gecko/20100101 Firefox/63.0','{\"id\":\"\\u7ba1\\u7406\\u5458\"}','{\"items\":[\"\\/task\\/executor\\/index\"]}',1,'625507659@qq.com','127.0.0.1',1543388689,1543388689),(598,'site/index','http://hehetask.admin/','Mozilla/5.0 (Windows NT 6.1; Win64; x64; rv:63.0) Gecko/20100101 Firefox/63.0','[]','[]',1,'625507659@qq.com','127.0.0.1',1543388718,1543388718),(599,'rbac/menu/index','http://hehetask.admin/rbac/menu/index','Mozilla/5.0 (Windows NT 6.1; Win64; x64; rv:63.0) Gecko/20100101 Firefox/63.0','[]','[]',1,'625507659@qq.com','127.0.0.1',1543388737,1543388737),(600,'task/executor/index','http://hehetask.admin/task/executor/index','Mozilla/5.0 (Windows NT 6.1; Win64; x64; rv:63.0) Gecko/20100101 Firefox/63.0','[]','[]',1,'625507659@qq.com','127.0.0.1',1543389120,1543389120),(601,'site/index','http://hehetask.admin/','Mozilla/5.0 (Windows NT 6.1; Win64; x64; rv:63.0) Gecko/20100101 Firefox/63.0','[]','[]',1,'625507659@qq.com','127.0.0.1',1543389125,1543389125),(602,'task/executor/index','http://hehetask.admin/task/executor/index','Mozilla/5.0 (Windows NT 6.1; Win64; x64; rv:63.0) Gecko/20100101 Firefox/63.0','[]','[]',1,'625507659@qq.com','127.0.0.1',1543389126,1543389126),(603,'rbac/menu/index','http://hehetask.admin/rbac/menu/index','Mozilla/5.0 (Windows NT 6.1; Win64; x64; rv:63.0) Gecko/20100101 Firefox/63.0','[]','[]',1,'625507659@qq.com','127.0.0.1',1543389127,1543389127),(604,'task/executor/index','http://hehetask.admin/task/executor/index','Mozilla/5.0 (Windows NT 6.1; Win64; x64; rv:63.0) Gecko/20100101 Firefox/63.0','[]','[]',1,'625507659@qq.com','127.0.0.1',1543389131,1543389131),(605,'task/executor/index','http://hehetask.admin/task/executor/index','Mozilla/5.0 (Windows NT 6.1; Win64; x64; rv:63.0) Gecko/20100101 Firefox/63.0','[]','[]',1,'625507659@qq.com','127.0.0.1',1543389136,1543389136),(606,'task/executor/create','http://hehetask.admin/task/executor/create','Mozilla/5.0 (Windows NT 6.1; Win64; x64; rv:63.0) Gecko/20100101 Firefox/63.0','[]','[]',1,'625507659@qq.com','127.0.0.1',1543389201,1543389201),(607,'task/executor/index','http://hehetask.admin/task/executor/index','Mozilla/5.0 (Windows NT 6.1; Win64; x64; rv:63.0) Gecko/20100101 Firefox/63.0','[]','[]',1,'625507659@qq.com','127.0.0.1',1543389456,1543389456),(608,'task/executor/create','http://hehetask.admin/task/executor/create','Mozilla/5.0 (Windows NT 6.1; Win64; x64; rv:63.0) Gecko/20100101 Firefox/63.0','[]','[]',1,'625507659@qq.com','127.0.0.1',1543389458,1543389458),(609,'task/executor/index','http://hehetask.admin/task/executor/index','Mozilla/5.0 (Windows NT 6.1; Win64; x64; rv:63.0) Gecko/20100101 Firefox/63.0','[]','[]',1,'625507659@qq.com','127.0.0.1',1543389460,1543389460),(610,'task/executor/create','http://hehetask.admin/task/executor/create','Mozilla/5.0 (Windows NT 6.1; Win64; x64; rv:63.0) Gecko/20100101 Firefox/63.0','[]','[]',1,'625507659@qq.com','127.0.0.1',1543389466,1543389466),(611,'task/executor/index','http://hehetask.admin/task/executor/index','Mozilla/5.0 (Windows NT 6.1; Win64; x64; rv:63.0) Gecko/20100101 Firefox/63.0','[]','[]',1,'625507659@qq.com','127.0.0.1',1543389486,1543389486),(612,'task/executor/create','http://hehetask.admin/task/executor/create','Mozilla/5.0 (Windows NT 6.1; Win64; x64; rv:63.0) Gecko/20100101 Firefox/63.0','[]','[]',1,'625507659@qq.com','127.0.0.1',1543389487,1543389487),(613,'site/index','http://hehecms.admin/','Mozilla/5.0 (Windows NT 6.1; Win64; x64; rv:63.0) Gecko/20100101 Firefox/63.0','[]','[]',1,'625507659@qq.com','127.0.0.1',1543390797,1543390797),(614,'task/executor/index','http://hehecms.admin/task/executor/index','Mozilla/5.0 (Windows NT 6.1; Win64; x64; rv:63.0) Gecko/20100101 Firefox/63.0','[]','[]',1,'625507659@qq.com','127.0.0.1',1543390805,1543390805),(615,'site/index','http://hehecms.admin/','Mozilla/5.0 (Windows NT 6.1; Win64; x64; rv:63.0) Gecko/20100101 Firefox/63.0','[]','[]',1,'625507659@qq.com','127.0.0.1',1543391003,1543391003),(616,'task/executor/index','http://hehecms.admin/task/executor/index','Mozilla/5.0 (Windows NT 6.1; Win64; x64; rv:63.0) Gecko/20100101 Firefox/63.0','[]','[]',1,'625507659@qq.com','127.0.0.1',1543391005,1543391005),(617,'task/executor/index','http://hehecms.admin/task/executor/index','Mozilla/5.0 (Windows NT 6.1; Win64; x64; rv:63.0) Gecko/20100101 Firefox/63.0','[]','[]',1,'625507659@qq.com','127.0.0.1',1543391009,1543391009),(618,'rbac/menu/index','http://hehecms.admin/rbac/menu/index','Mozilla/5.0 (Windows NT 6.1; Win64; x64; rv:63.0) Gecko/20100101 Firefox/63.0','[]','[]',1,'625507659@qq.com','127.0.0.1',1543391341,1543391341),(619,'rbac/menu/create','http://hehecms.admin/rbac/menu/create','Mozilla/5.0 (Windows NT 6.1; Win64; x64; rv:63.0) Gecko/20100101 Firefox/63.0','[]','[]',1,'625507659@qq.com','127.0.0.1',1543391354,1543391354),(620,'rbac/menu/index','http://hehecms.admin/rbac/menu/index','Mozilla/5.0 (Windows NT 6.1; Win64; x64; rv:63.0) Gecko/20100101 Firefox/63.0','[]','[]',1,'625507659@qq.com','127.0.0.1',1543391400,1543391400),(621,'rbac/menu/create','http://hehecms.admin/rbac/menu/create','Mozilla/5.0 (Windows NT 6.1; Win64; x64; rv:63.0) Gecko/20100101 Firefox/63.0','[]','[]',1,'625507659@qq.com','127.0.0.1',1543391414,1543391414),(622,'rbac/menu/index','http://hehecms.admin/rbac/menu/index','Mozilla/5.0 (Windows NT 6.1; Win64; x64; rv:63.0) Gecko/20100101 Firefox/63.0','[]','[]',1,'625507659@qq.com','127.0.0.1',1543391418,1543391418),(623,'site/index','http://hehecms.admin/','Mozilla/5.0 (Windows NT 6.1; Win64; x64; rv:63.0) Gecko/20100101 Firefox/63.0','[]','[]',1,'625507659@qq.com','127.0.0.1',1543459413,1543459413),(624,'rbac/menu/index','http://hehecms.admin/rbac/menu/index','Mozilla/5.0 (Windows NT 6.1; Win64; x64; rv:63.0) Gecko/20100101 Firefox/63.0','[]','[]',1,'625507659@qq.com','127.0.0.1',1543459416,1543459416),(625,'rbac/route/index','http://hehecms.admin/rbac/route/index','Mozilla/5.0 (Windows NT 6.1; Win64; x64; rv:63.0) Gecko/20100101 Firefox/63.0','[]','[]',1,'625507659@qq.com','127.0.0.1',1543459898,1543459898),(626,'rbac/menu/create','http://hehecms.admin/rbac/menu/create','Mozilla/5.0 (Windows NT 6.1; Win64; x64; rv:63.0) Gecko/20100101 Firefox/63.0','[]','[]',1,'625507659@qq.com','127.0.0.1',1543459942,1543459942),(627,'rbac/route/assign','http://hehecms.admin/rbac/route/assign','Mozilla/5.0 (Windows NT 6.1; Win64; x64; rv:63.0) Gecko/20100101 Firefox/63.0','[]','{\"routes\":[\"\\/task\\/job\\/index\"]}',1,'625507659@qq.com','127.0.0.1',1543459990,1543459990),(628,'rbac/route/assign','http://hehecms.admin/rbac/route/assign','Mozilla/5.0 (Windows NT 6.1; Win64; x64; rv:63.0) Gecko/20100101 Firefox/63.0','[]','{\"routes\":[\"\\/task\\/*\"]}',1,'625507659@qq.com','127.0.0.1',1543459997,1543459997),(629,'rbac/route/assign','http://hehecms.admin/rbac/route/assign','Mozilla/5.0 (Windows NT 6.1; Win64; x64; rv:63.0) Gecko/20100101 Firefox/63.0','[]','{\"routes\":[\"\\/task\\/executor\\/view\",\"\\/task\\/executor\\/create\",\"\\/task\\/executor\\/update\",\"\\/task\\/executor\\/delete\",\"\\/task\\/executor\\/delete-all\",\"\\/task\\/executor\\/*\",\"\\/task\\/job\\/view\",\"\\/task\\/job\\/create\",\"\\/task\\/job\\/update\",\"\\/task\\/job\\/delete\",\"\\/task\\/job\\/delete-all\",\"\\/task\\/job\\/*\"]}',1,'625507659@qq.com','127.0.0.1',1543460008,1543460008),(630,'rbac/menu/index','http://hehecms.admin/rbac/menu/index','Mozilla/5.0 (Windows NT 6.1; Win64; x64; rv:63.0) Gecko/20100101 Firefox/63.0','[]','[]',1,'625507659@qq.com','127.0.0.1',1543460020,1543460020),(631,'rbac/menu/create','http://hehecms.admin/rbac/menu/create','Mozilla/5.0 (Windows NT 6.1; Win64; x64; rv:63.0) Gecko/20100101 Firefox/63.0','[]','[]',1,'625507659@qq.com','127.0.0.1',1543460024,1543460024),(632,'rbac/menu/index','http://hehecms.admin/rbac/menu/index','Mozilla/5.0 (Windows NT 6.1; Win64; x64; rv:63.0) Gecko/20100101 Firefox/63.0','[]','[]',1,'625507659@qq.com','127.0.0.1',1543460060,1543460060),(633,'rbac/menu/create','http://hehecms.admin/rbac/menu/create','Mozilla/5.0 (Windows NT 6.1; Win64; x64; rv:63.0) Gecko/20100101 Firefox/63.0','[]','[]',1,'625507659@qq.com','127.0.0.1',1543460106,1543460106),(634,'rbac/menu/index','http://hehecms.admin/rbac/menu/index','Mozilla/5.0 (Windows NT 6.1; Win64; x64; rv:63.0) Gecko/20100101 Firefox/63.0','[]','[]',1,'625507659@qq.com','127.0.0.1',1543460139,1543460139),(635,'rbac/menu/create','http://hehecms.admin/rbac/menu/create','Mozilla/5.0 (Windows NT 6.1; Win64; x64; rv:63.0) Gecko/20100101 Firefox/63.0','[]','[]',1,'625507659@qq.com','127.0.0.1',1543460140,1543460140),(636,'rbac/menu/create','http://hehecms.admin/rbac/menu/create','Mozilla/5.0 (Windows NT 6.1; Win64; x64; rv:63.0) Gecko/20100101 Firefox/63.0','[]','{\"_csrf-backend\":\"cirgpdKjL-b743KR1rO1embuWJ7Z8Zerk8XwXz2FFP0AB6Xonvkc1dbVQces-s0QN5crzY-SwOzZsbQ7TMJcvA==\",\"Menu\":{\"parent\":\"32\",\"name\":\"\\u4efb\\u52a1\\u5217\\u8868\",\"parent_name\":\"\\u591a\\u4efb\\u52a1\\u7ba1\\u7406\",\"route\":\"\\/task\\/job\\/index\",\"order\":\"2\",\"icon\":\"\"}}',1,'625507659@qq.com','127.0.0.1',1543460200,1543460200),(637,'rbac/menu/view','http://hehecms.admin/rbac/menu/view?id=34','Mozilla/5.0 (Windows NT 6.1; Win64; x64; rv:63.0) Gecko/20100101 Firefox/63.0','{\"id\":\"34\"}','[]',1,'625507659@qq.com','127.0.0.1',1543460201,1543460201),(638,'site/index','http://hehecms.admin/','Mozilla/5.0 (Windows NT 6.1; Win64; x64; rv:63.0) Gecko/20100101 Firefox/63.0','[]','[]',1,'625507659@qq.com','127.0.0.1',1543460235,1543460235),(639,'rbac/menu/index','http://hehecms.admin/rbac/menu/index','Mozilla/5.0 (Windows NT 6.1; Win64; x64; rv:63.0) Gecko/20100101 Firefox/63.0','[]','[]',1,'625507659@qq.com','127.0.0.1',1543460237,1543460237),(640,'site/index','http://hehecms.admin/','Mozilla/5.0 (Windows NT 6.1; Win64; x64; rv:63.0) Gecko/20100101 Firefox/63.0','[]','[]',1,'625507659@qq.com','127.0.0.1',1543460238,1543460238),(641,'rbac/menu/index','http://hehecms.admin/rbac/menu/index','Mozilla/5.0 (Windows NT 6.1; Win64; x64; rv:63.0) Gecko/20100101 Firefox/63.0','[]','[]',1,'625507659@qq.com','127.0.0.1',1543460238,1543460238),(642,'rbac/menu/update','http://hehecms.admin/rbac/menu/update?id=33','Mozilla/5.0 (Windows NT 6.1; Win64; x64; rv:63.0) Gecko/20100101 Firefox/63.0','{\"id\":\"33\"}','[]',1,'625507659@qq.com','127.0.0.1',1543460255,1543460255),(643,'tools/ico','http://hehecms.admin/tools/ico','Mozilla/5.0 (Windows NT 6.1; Win64; x64; rv:63.0) Gecko/20100101 Firefox/63.0','[]','[]',1,'625507659@qq.com','127.0.0.1',1543460259,1543460259),(644,'site/index','http://hehecms.admin/','Mozilla/5.0 (Windows NT 6.1; Win64; x64; rv:63.0) Gecko/20100101 Firefox/63.0','[]','[]',1,'625507659@qq.com','127.0.0.1',1543460339,1543460339),(645,'rbac/menu/index','http://hehecms.admin/rbac/menu/index','Mozilla/5.0 (Windows NT 6.1; Win64; x64; rv:63.0) Gecko/20100101 Firefox/63.0','[]','[]',1,'625507659@qq.com','127.0.0.1',1543460340,1543460340),(646,'rbac/menu/index','http://hehecms.admin/rbac/menu/index','Mozilla/5.0 (Windows NT 6.1; Win64; x64; rv:63.0) Gecko/20100101 Firefox/63.0','[]','[]',1,'625507659@qq.com','127.0.0.1',1543460345,1543460345),(647,'rbac/menu/update','http://hehecms.admin/rbac/menu/update?id=33','Mozilla/5.0 (Windows NT 6.1; Win64; x64; rv:63.0) Gecko/20100101 Firefox/63.0','{\"id\":\"33\"}','[]',1,'625507659@qq.com','127.0.0.1',1543460358,1543460358),(648,'tools/ico','http://hehecms.admin/tools/ico','Mozilla/5.0 (Windows NT 6.1; Win64; x64; rv:63.0) Gecko/20100101 Firefox/63.0','[]','[]',1,'625507659@qq.com','127.0.0.1',1543460361,1543460361),(649,'site/index','http://hehecms.admin/','Mozilla/5.0 (Windows NT 6.1; Win64; x64; rv:63.0) Gecko/20100101 Firefox/63.0','[]','[]',1,'625507659@qq.com','127.0.0.1',1543460435,1543460435),(650,'rbac/menu/index','http://hehecms.admin/rbac/menu/index','Mozilla/5.0 (Windows NT 6.1; Win64; x64; rv:63.0) Gecko/20100101 Firefox/63.0','[]','[]',1,'625507659@qq.com','127.0.0.1',1543460436,1543460436),(651,'rbac/menu/create','http://hehecms.admin/rbac/menu/create','Mozilla/5.0 (Windows NT 6.1; Win64; x64; rv:63.0) Gecko/20100101 Firefox/63.0','[]','[]',1,'625507659@qq.com','127.0.0.1',1543460439,1543460439),(652,'tools/ico','http://hehecms.admin/tools/ico','Mozilla/5.0 (Windows NT 6.1; Win64; x64; rv:63.0) Gecko/20100101 Firefox/63.0','[]','[]',1,'625507659@qq.com','127.0.0.1',1543460440,1543460440),(653,'rbac/menu/index','http://hehecms.admin/rbac/menu/index','Mozilla/5.0 (Windows NT 6.1; Win64; x64; rv:63.0) Gecko/20100101 Firefox/63.0','[]','[]',1,'625507659@qq.com','127.0.0.1',1543460447,1543460447),(654,'rbac/menu/index','http://hehecms.admin/rbac/menu/index','Mozilla/5.0 (Windows NT 6.1; Win64; x64; rv:63.0) Gecko/20100101 Firefox/63.0','[]','[]',1,'625507659@qq.com','127.0.0.1',1543460452,1543460452),(655,'rbac/menu/update','http://hehecms.admin/rbac/menu/update?id=33','Mozilla/5.0 (Windows NT 6.1; Win64; x64; rv:63.0) Gecko/20100101 Firefox/63.0','{\"id\":\"33\"}','[]',1,'625507659@qq.com','127.0.0.1',1543460455,1543460455),(656,'tools/ico','http://hehecms.admin/tools/ico','Mozilla/5.0 (Windows NT 6.1; Win64; x64; rv:63.0) Gecko/20100101 Firefox/63.0','[]','[]',1,'625507659@qq.com','127.0.0.1',1543460458,1543460458),(657,'tools/ico','http://hehecms.admin/tools/ico','Mozilla/5.0 (Windows NT 6.1; Win64; x64; rv:63.0) Gecko/20100101 Firefox/63.0','[]','[]',1,'625507659@qq.com','127.0.0.1',1543460482,1543460482),(658,'rbac/menu/update','http://hehecms.admin/rbac/menu/update?id=33','Mozilla/5.0 (Windows NT 6.1; Win64; x64; rv:63.0) Gecko/20100101 Firefox/63.0','{\"id\":\"33\"}','{\"_csrf-backend\":\"4zuIvP2Yfc9aUAdqixnynfrgAm_odg24Hy_o7vy9dnyRFs3xscJO_HdmNDzxUIr3q5lxPL4VWv9VW6yKjfo-PQ==\",\"Menu\":{\"parent\":\"32\",\"name\":\"\\u6267\\u884c\\u5668\\u5217\\u8868\",\"parent_name\":\"\\u591a\\u4efb\\u52a1\\u7ba1\\u7406\",\"route\":\"\\/task\\/executor\\/index\",\"order\":\"1\",\"icon\":\"fa fa-bluetooth\"}}',1,'625507659@qq.com','127.0.0.1',1543460493,1543460493),(659,'rbac/menu/view','http://hehecms.admin/rbac/menu/view?id=33','Mozilla/5.0 (Windows NT 6.1; Win64; x64; rv:63.0) Gecko/20100101 Firefox/63.0','{\"id\":\"33\"}','[]',1,'625507659@qq.com','127.0.0.1',1543460494,1543460494),(660,'rbac/menu/index','http://hehecms.admin/rbac/menu/index','Mozilla/5.0 (Windows NT 6.1; Win64; x64; rv:63.0) Gecko/20100101 Firefox/63.0','[]','[]',1,'625507659@qq.com','127.0.0.1',1543460497,1543460497),(661,'rbac/menu/update','http://hehecms.admin/rbac/menu/update?id=33','Mozilla/5.0 (Windows NT 6.1; Win64; x64; rv:63.0) Gecko/20100101 Firefox/63.0','{\"id\":\"33\"}','[]',1,'625507659@qq.com','127.0.0.1',1543460500,1543460500),(662,'rbac/menu/index','http://hehecms.admin/rbac/menu/index','Mozilla/5.0 (Windows NT 6.1; Win64; x64; rv:63.0) Gecko/20100101 Firefox/63.0','[]','[]',1,'625507659@qq.com','127.0.0.1',1543460503,1543460503),(663,'rbac/menu/update','http://hehecms.admin/rbac/menu/update?id=34','Mozilla/5.0 (Windows NT 6.1; Win64; x64; rv:63.0) Gecko/20100101 Firefox/63.0','{\"id\":\"34\"}','[]',1,'625507659@qq.com','127.0.0.1',1543460507,1543460507),(664,'tools/ico','http://hehecms.admin/tools/ico','Mozilla/5.0 (Windows NT 6.1; Win64; x64; rv:63.0) Gecko/20100101 Firefox/63.0','[]','[]',1,'625507659@qq.com','127.0.0.1',1543460509,1543460509),(665,'rbac/menu/update','http://hehecms.admin/rbac/menu/update?id=34','Mozilla/5.0 (Windows NT 6.1; Win64; x64; rv:63.0) Gecko/20100101 Firefox/63.0','{\"id\":\"34\"}','{\"_csrf-backend\":\"rR1c8tDJ7s6K2ZqPaMD3tdfpFYPDjIGCsu0QXRQXhRHfMBm_nJPd_afvqdkSiY_fhpBm0JXv1sX4mVQ5ZVDNUA==\",\"Menu\":{\"parent\":\"32\",\"name\":\"\\u4efb\\u52a1\\u5217\\u8868\",\"parent_name\":\"\\u591a\\u4efb\\u52a1\\u7ba1\\u7406\",\"route\":\"\\/task\\/job\\/index\",\"order\":\"2\",\"icon\":\"fa fa-codiepie\"}}',1,'625507659@qq.com','127.0.0.1',1543460519,1543460519),(666,'rbac/menu/view','http://hehecms.admin/rbac/menu/view?id=34','Mozilla/5.0 (Windows NT 6.1; Win64; x64; rv:63.0) Gecko/20100101 Firefox/63.0','{\"id\":\"34\"}','[]',1,'625507659@qq.com','127.0.0.1',1543460519,1543460519),(667,'rbac/menu/index','http://hehecms.admin/rbac/menu/index','Mozilla/5.0 (Windows NT 6.1; Win64; x64; rv:63.0) Gecko/20100101 Firefox/63.0','[]','[]',1,'625507659@qq.com','127.0.0.1',1543460522,1543460522),(668,'site/index','http://hehecms.admin/','Mozilla/5.0 (Windows NT 6.1; Win64; x64; rv:63.0) Gecko/20100101 Firefox/63.0','[]','[]',1,'625507659@qq.com','127.0.0.1',1543460526,1543460526),(669,'rbac/menu/index','http://hehecms.admin/rbac/menu/index','Mozilla/5.0 (Windows NT 6.1; Win64; x64; rv:63.0) Gecko/20100101 Firefox/63.0','[]','[]',1,'625507659@qq.com','127.0.0.1',1543460527,1543460527),(670,'site/index','http://hehecms.admin/','Mozilla/5.0 (Windows NT 6.1; Win64; x64; rv:63.0) Gecko/20100101 Firefox/63.0','[]','[]',1,'625507659@qq.com','127.0.0.1',1543460530,1543460530),(671,'rbac/menu/index','http://hehecms.admin/rbac/menu/index','Mozilla/5.0 (Windows NT 6.1; Win64; x64; rv:63.0) Gecko/20100101 Firefox/63.0','[]','[]',1,'625507659@qq.com','127.0.0.1',1543460531,1543460531),(672,'task/executor/index','http://hehecms.admin/task/executor/index','Mozilla/5.0 (Windows NT 6.1; Win64; x64; rv:63.0) Gecko/20100101 Firefox/63.0','[]','[]',1,'625507659@qq.com','127.0.0.1',1543460534,1543460534),(673,'task/job/index','http://hehecms.admin/task/job/index','Mozilla/5.0 (Windows NT 6.1; Win64; x64; rv:63.0) Gecko/20100101 Firefox/63.0','[]','[]',1,'625507659@qq.com','127.0.0.1',1543462076,1543462076),(674,'site/index','http://hehecms.admin/','Mozilla/5.0 (Windows NT 6.1; Win64; x64; rv:63.0) Gecko/20100101 Firefox/63.0','[]','[]',1,'625507659@qq.com','127.0.0.1',1543462133,1543462133),(675,'task/job/index','http://hehecms.admin/task/job/index','Mozilla/5.0 (Windows NT 6.1; Win64; x64; rv:63.0) Gecko/20100101 Firefox/63.0','[]','[]',1,'625507659@qq.com','127.0.0.1',1543462135,1543462135),(676,'task/job/create','http://hehecms.admin/task/job/create','Mozilla/5.0 (Windows NT 6.1; Win64; x64; rv:63.0) Gecko/20100101 Firefox/63.0','[]','[]',1,'625507659@qq.com','127.0.0.1',1543462144,1543462144),(677,'site/index','http://hehecms.admin/','Mozilla/5.0 (Windows NT 6.1; Win64; x64; rv:63.0) Gecko/20100101 Firefox/63.0','[]','[]',1,'625507659@qq.com','127.0.0.1',1543471373,1543471373),(678,'task/job/index','http://hehecms.admin/task/job/index','Mozilla/5.0 (Windows NT 6.1; Win64; x64; rv:63.0) Gecko/20100101 Firefox/63.0','[]','[]',1,'625507659@qq.com','127.0.0.1',1543471375,1543471375),(679,'task/job/create','http://hehecms.admin/task/job/create','Mozilla/5.0 (Windows NT 6.1; Win64; x64; rv:63.0) Gecko/20100101 Firefox/63.0','[]','[]',1,'625507659@qq.com','127.0.0.1',1543471377,1543471377),(680,'task/job/create','http://hehecms.admin/task/job/create','Mozilla/5.0 (Windows NT 6.1; Win64; x64; rv:63.0) Gecko/20100101 Firefox/63.0','[]','{\"_csrf-backend\":\"Qn_pRmHoW08cbcm72UXQ5ObQh0DpVr33PNiLz5q9XhEwUqwLLbJofDFb-u2jDKiOt6n0E7816rB2rM-r6_oWUA==\",\"Job\":{\"name\":\"\\u878d\\u5408\\u63a8\\u8350\\u5185\\u5bb9\\u66f4\\u65b0\\u901a\\u77e5\",\"unique_key\":\"job_gomemqpcSend\",\"executor_key\":\"app_slot\",\"group\":\"gomemqpc\",\"handler\":\"send\",\"call_type\":\"2\",\"host\":\"10.115.4.71,10.115.4.72\",\"port\":\"11520\",\"server_name\":\"transfer\",\"start\":\"1\",\"tel\":\"15333344745\",\"email\":\"heshaojian@gomeplus.com\",\"sort\":\"\"}}',1,'625507659@qq.com','127.0.0.1',1543471404,1543471404),(681,'site/index','http://hehecms.admin/','Mozilla/5.0 (Windows NT 6.1; Win64; x64; rv:63.0) Gecko/20100101 Firefox/63.0','[]','[]',1,'625507659@qq.com','127.0.0.1',1543471596,1543471596),(682,'task/job/index','http://hehecms.admin/task/job/index','Mozilla/5.0 (Windows NT 6.1; Win64; x64; rv:63.0) Gecko/20100101 Firefox/63.0','[]','[]',1,'625507659@qq.com','127.0.0.1',1543471597,1543471597),(683,'site/index','http://hehecms.admin/','Mozilla/5.0 (Windows NT 6.1; Win64; x64; rv:63.0) Gecko/20100101 Firefox/63.0','[]','[]',1,'625507659@qq.com','127.0.0.1',1543471601,1543471601),(684,'task/job/index','http://hehecms.admin/task/job/index','Mozilla/5.0 (Windows NT 6.1; Win64; x64; rv:63.0) Gecko/20100101 Firefox/63.0','[]','[]',1,'625507659@qq.com','127.0.0.1',1543471602,1543471602),(685,'site/index','http://hehecms.admin/','Mozilla/5.0 (Windows NT 6.1; Win64; x64; rv:63.0) Gecko/20100101 Firefox/63.0','[]','[]',1,'625507659@qq.com','127.0.0.1',1543471604,1543471604),(686,'task/job/index','http://hehecms.admin/task/job/index','Mozilla/5.0 (Windows NT 6.1; Win64; x64; rv:63.0) Gecko/20100101 Firefox/63.0','[]','[]',1,'625507659@qq.com','127.0.0.1',1543471604,1543471604),(687,'task/job/index','http://hehecms.admin/task/job/index','Mozilla/5.0 (Windows NT 6.1; Win64; x64; rv:63.0) Gecko/20100101 Firefox/63.0','[]','[]',1,'625507659@qq.com','127.0.0.1',1543471609,1543471609),(688,'task/job/view','http://hehecms.admin/task/job/view?id=1','Mozilla/5.0 (Windows NT 6.1; Win64; x64; rv:63.0) Gecko/20100101 Firefox/63.0','{\"id\":\"1\"}','[]',1,'625507659@qq.com','127.0.0.1',1543471619,1543471619),(689,'task/job/delete-all','http://hehecms.admin/task/job/delete-all','Mozilla/5.0 (Windows NT 6.1; Win64; x64; rv:63.0) Gecko/20100101 Firefox/63.0','[]','{\"keys\":[\"1\"]}',1,'625507659@qq.com','127.0.0.1',1543471667,1543471667),(690,'task/job/index','http://hehecms.admin/task/job/index','Mozilla/5.0 (Windows NT 6.1; Win64; x64; rv:63.0) Gecko/20100101 Firefox/63.0','[]','[]',1,'625507659@qq.com','127.0.0.1',1543471667,1543471667),(691,'site/index','http://hehecms.admin/','Mozilla/5.0 (Windows NT 6.1; Win64; x64; rv:63.0) Gecko/20100101 Firefox/63.0','[]','[]',1,'625507659@qq.com','127.0.0.1',1543471671,1543471671),(692,'task/job/index','http://hehecms.admin/task/job/index','Mozilla/5.0 (Windows NT 6.1; Win64; x64; rv:63.0) Gecko/20100101 Firefox/63.0','[]','[]',1,'625507659@qq.com','127.0.0.1',1543471672,1543471672),(693,'task/job/create','http://hehecms.admin/task/job/create','Mozilla/5.0 (Windows NT 6.1; Win64; x64; rv:63.0) Gecko/20100101 Firefox/63.0','[]','[]',1,'625507659@qq.com','127.0.0.1',1543471674,1543471674),(694,'rbac/permission/index','http://hehecms.admin/rbac/permission/index','Mozilla/5.0 (Windows NT 6.1; Win64; x64; rv:63.0) Gecko/20100101 Firefox/63.0','[]','[]',1,'625507659@qq.com','127.0.0.1',1543471703,1543471703),(695,'rbac/permission/create','http://hehecms.admin/rbac/permission/create','Mozilla/5.0 (Windows NT 6.1; Win64; x64; rv:63.0) Gecko/20100101 Firefox/63.0','[]','[]',1,'625507659@qq.com','127.0.0.1',1543471705,1543471705),(696,'rbac/permission/index','http://hehecms.admin/rbac/permission/index','Mozilla/5.0 (Windows NT 6.1; Win64; x64; rv:63.0) Gecko/20100101 Firefox/63.0','[]','[]',1,'625507659@qq.com','127.0.0.1',1543471712,1543471712),(697,'rbac/role/index','http://hehecms.admin/rbac/role/index','Mozilla/5.0 (Windows NT 6.1; Win64; x64; rv:63.0) Gecko/20100101 Firefox/63.0','[]','[]',1,'625507659@qq.com','127.0.0.1',1543471723,1543471723),(698,'rbac/role/update','http://hehecms.admin/rbac/role/update?id=%E5%9F%BA%E6%9C%AC%E6%9D%83%E9%99%90','Mozilla/5.0 (Windows NT 6.1; Win64; x64; rv:63.0) Gecko/20100101 Firefox/63.0','{\"id\":\"\\u57fa\\u672c\\u6743\\u9650\"}','[]',1,'625507659@qq.com','127.0.0.1',1543471725,1543471725),(699,'rbac/rule/index','http://hehecms.admin/rbac/rule/index','Mozilla/5.0 (Windows NT 6.1; Win64; x64; rv:63.0) Gecko/20100101 Firefox/63.0','[]','[]',1,'625507659@qq.com','127.0.0.1',1543471735,1543471735),(700,'rbac/rule/create','http://hehecms.admin/rbac/rule/create','Mozilla/5.0 (Windows NT 6.1; Win64; x64; rv:63.0) Gecko/20100101 Firefox/63.0','[]','[]',1,'625507659@qq.com','127.0.0.1',1543471737,1543471737),(701,'rbac/rule/index','http://hehecms.admin/rbac/rule/index','Mozilla/5.0 (Windows NT 6.1; Win64; x64; rv:63.0) Gecko/20100101 Firefox/63.0','[]','[]',1,'625507659@qq.com','127.0.0.1',1543471741,1543471741),(702,'rbac/menu/index','http://hehecms.admin/rbac/menu/index','Mozilla/5.0 (Windows NT 6.1; Win64; x64; rv:63.0) Gecko/20100101 Firefox/63.0','[]','[]',1,'625507659@qq.com','127.0.0.1',1543471743,1543471743),(703,'rbac/menu/update','http://hehecms.admin/rbac/menu/update?id=34','Mozilla/5.0 (Windows NT 6.1; Win64; x64; rv:63.0) Gecko/20100101 Firefox/63.0','{\"id\":\"34\"}','[]',1,'625507659@qq.com','127.0.0.1',1543471746,1543471746),(704,'rbac/assignment/index','http://hehecms.admin/rbac/assignment/index','Mozilla/5.0 (Windows NT 6.1; Win64; x64; rv:63.0) Gecko/20100101 Firefox/63.0','[]','[]',1,'625507659@qq.com','127.0.0.1',1543471751,1543471751),(705,'rbac/assignment/view','http://hehecms.admin/rbac/assignment/view?id=1','Mozilla/5.0 (Windows NT 6.1; Win64; x64; rv:63.0) Gecko/20100101 Firefox/63.0','{\"id\":\"1\"}','[]',1,'625507659@qq.com','127.0.0.1',1543471753,1543471753),(706,'rbac/route/index','http://hehecms.admin/rbac/route/index','Mozilla/5.0 (Windows NT 6.1; Win64; x64; rv:63.0) Gecko/20100101 Firefox/63.0','[]','[]',1,'625507659@qq.com','127.0.0.1',1543471759,1543471759),(707,'gii/default/index','http://hehecms.admin/gii','Mozilla/5.0 (Windows NT 6.1; Win64; x64; rv:63.0) Gecko/20100101 Firefox/63.0','[]','[]',1,'625507659@qq.com','127.0.0.1',1543471766,1543471766),(708,'system/user/index','http://hehecms.admin/system/user/index','Mozilla/5.0 (Windows NT 6.1; Win64; x64; rv:63.0) Gecko/20100101 Firefox/63.0','[]','[]',1,'625507659@qq.com','127.0.0.1',1543471768,1543471768),(709,'system/user/update','http://hehecms.admin/system/user/update?id=1','Mozilla/5.0 (Windows NT 6.1; Win64; x64; rv:63.0) Gecko/20100101 Firefox/63.0','{\"id\":\"1\"}','[]',1,'625507659@qq.com','127.0.0.1',1543471778,1543471778),(710,'system/user/index','http://hehecms.admin/system/user/index','Mozilla/5.0 (Windows NT 6.1; Win64; x64; rv:63.0) Gecko/20100101 Firefox/63.0','[]','[]',1,'625507659@qq.com','127.0.0.1',1543471801,1543471801),(711,'task/job/index','http://hehecms.admin/task/job/index','Mozilla/5.0 (Windows NT 6.1; Win64; x64; rv:63.0) Gecko/20100101 Firefox/63.0','[]','[]',1,'625507659@qq.com','127.0.0.1',1543472306,1543472306),(712,'task/job/index','http://hehecms.admin/task/job/index','Mozilla/5.0 (Windows NT 6.1; Win64; x64; rv:63.0) Gecko/20100101 Firefox/63.0','[]','[]',1,'625507659@qq.com','127.0.0.1',1543472347,1543472347),(713,'task/job/create','http://hehecms.admin/task/job/create','Mozilla/5.0 (Windows NT 6.1; Win64; x64; rv:63.0) Gecko/20100101 Firefox/63.0','[]','[]',1,'625507659@qq.com','127.0.0.1',1543472349,1543472349),(714,'site/index','http://hehecms.admin/','Mozilla/5.0 (Windows NT 6.1; Win64; x64; rv:63.0) Gecko/20100101 Firefox/63.0','[]','[]',1,'625507659@qq.com','127.0.0.1',1543472375,1543472375),(715,'task/job/index','http://hehecms.admin/task/job/index','Mozilla/5.0 (Windows NT 6.1; Win64; x64; rv:63.0) Gecko/20100101 Firefox/63.0','[]','[]',1,'625507659@qq.com','127.0.0.1',1543472376,1543472376),(716,'task/job/create','http://hehecms.admin/task/job/create','Mozilla/5.0 (Windows NT 6.1; Win64; x64; rv:63.0) Gecko/20100101 Firefox/63.0','[]','[]',1,'625507659@qq.com','127.0.0.1',1543472378,1543472378),(717,'task/job/index','http://hehecms.admin/task/job/index','Mozilla/5.0 (Windows NT 6.1; Win64; x64; rv:63.0) Gecko/20100101 Firefox/63.0','[]','[]',1,'625507659@qq.com','127.0.0.1',1543472432,1543472432),(718,'task/job/create','http://hehecms.admin/task/job/create','Mozilla/5.0 (Windows NT 6.1; Win64; x64; rv:63.0) Gecko/20100101 Firefox/63.0','[]','[]',1,'625507659@qq.com','127.0.0.1',1543472433,1543472433),(719,'task/job/index','http://hehecms.admin/task/job/index','Mozilla/5.0 (Windows NT 6.1; Win64; x64; rv:63.0) Gecko/20100101 Firefox/63.0','[]','[]',1,'625507659@qq.com','127.0.0.1',1543472479,1543472479),(720,'task/job/create','http://hehecms.admin/task/job/create','Mozilla/5.0 (Windows NT 6.1; Win64; x64; rv:63.0) Gecko/20100101 Firefox/63.0','[]','[]',1,'625507659@qq.com','127.0.0.1',1543472482,1543472482),(721,'task/job/create','http://hehecms.admin/task/job/create','Mozilla/5.0 (Windows NT 6.1; Win64; x64; rv:63.0) Gecko/20100101 Firefox/63.0','[]','{\"_csrf-backend\":\"ZyIOnCiqxc7eHiqTy2ExzQJ-a_eG8YaWn5ypyLZLsKcVD0vRZPD2_fMoGcWxKEmnUwcYpNCS0dHV6O2sxwz45g==\",\"Job\":{\"name\":\"\\u878d\\u5408\\u63a8\\u8350\\u5185\\u5bb9\\u66f4\\u65b0\\u901a\\u77e5\",\"unique_key\":\"job_gomemqpcSend\",\"executor_key\":\"app_slot\",\"group\":\"gomemqpc\",\"handler\":\"send\",\"call_type\":\"2\",\"host\":\"10.115.4.71,10.115.4.72\",\"port\":\"11520\",\"server_name\":\"transfer\",\"start\":\"1\",\"tel\":\"15333344745\",\"email\":\"heshaojian@gomeplus.com\",\"sort\":\"1\"}}',1,'625507659@qq.com','127.0.0.1',1543472505,1543472505),(722,'task/job/view','http://hehecms.admin/task/job/view?id=2','Mozilla/5.0 (Windows NT 6.1; Win64; x64; rv:63.0) Gecko/20100101 Firefox/63.0','{\"id\":\"2\"}','[]',1,'625507659@qq.com','127.0.0.1',1543472506,1543472506),(723,'task/job/index','http://hehecms.admin/task/job/index','Mozilla/5.0 (Windows NT 6.1; Win64; x64; rv:63.0) Gecko/20100101 Firefox/63.0','[]','[]',1,'625507659@qq.com','127.0.0.1',1543473217,1543473217),(724,'task/job/update','http://hehecms.admin/task/job/update?id=2','Mozilla/5.0 (Windows NT 6.1; Win64; x64; rv:63.0) Gecko/20100101 Firefox/63.0','{\"id\":\"2\"}','[]',1,'625507659@qq.com','127.0.0.1',1543473220,1543473220),(725,'task/job/update','http://hehecms.admin/task/job/update?id=2','Mozilla/5.0 (Windows NT 6.1; Win64; x64; rv:63.0) Gecko/20100101 Firefox/63.0','{\"id\":\"2\"}','{\"_csrf-backend\":\"eXVzE9VoeCRn2GZN2E4qTYLiKQAFl2aBrkgN4hCusroLWDZemTJLF0ruVRuiB1In05taU1P0McbkPEmGYen6-w==\",\"Job\":{\"name\":\"\\u878d\\u5408\\u63a8\\u8350\\u5185\\u5bb9\\u66f4\\u65b0\\u901a\\u77e5\",\"unique_key\":\"job_gomemqpcSend\",\"executor_key\":\"app_slot\",\"group\":\"gomemqpc\",\"handler\":\"send\",\"call_type\":\"2\",\"host\":\"10.115.4.71,10.115.4.72\",\"port\":\"11520\",\"server_name\":\"transfer\",\"start\":\"\",\"tel\":\"15333344745\",\"email\":\"heshaojian@gomeplus.com\",\"sort\":\"1\"}}',1,'625507659@qq.com','127.0.0.1',1543473224,1543473224),(726,'task/job/view','http://hehecms.admin/task/job/view?id=2','Mozilla/5.0 (Windows NT 6.1; Win64; x64; rv:63.0) Gecko/20100101 Firefox/63.0','{\"id\":\"2\"}','[]',1,'625507659@qq.com','127.0.0.1',1543473225,1543473225),(727,'task/job/index','http://hehecms.admin/task/job/index','Mozilla/5.0 (Windows NT 6.1; Win64; x64; rv:63.0) Gecko/20100101 Firefox/63.0','[]','[]',1,'625507659@qq.com','127.0.0.1',1543473232,1543473232),(728,'rbac/menu/index','http://hehecms.admin/rbac/menu/index','Mozilla/5.0 (Windows NT 6.1; Win64; x64; rv:63.0) Gecko/20100101 Firefox/63.0','[]','[]',1,'625507659@qq.com','127.0.0.1',1543474657,1543474657),(729,'rbac/route/index','http://hehecms.admin/rbac/route/index','Mozilla/5.0 (Windows NT 6.1; Win64; x64; rv:63.0) Gecko/20100101 Firefox/63.0','[]','[]',1,'625507659@qq.com','127.0.0.1',1543474663,1543474663),(730,'rbac/route/create','http://hehecms.admin/rbac/route/create','Mozilla/5.0 (Windows NT 6.1; Win64; x64; rv:63.0) Gecko/20100101 Firefox/63.0','[]','{\"route\":\"\\/task\\/trigger\\/index\"}',1,'625507659@qq.com','127.0.0.1',1543474681,1543474681),(731,'rbac/route/index','http://hehecms.admin/rbac/route/index','Mozilla/5.0 (Windows NT 6.1; Win64; x64; rv:63.0) Gecko/20100101 Firefox/63.0','[]','[]',1,'625507659@qq.com','127.0.0.1',1543474690,1543474690),(732,'rbac/rule/index','http://hehecms.admin/rbac/rule/index','Mozilla/5.0 (Windows NT 6.1; Win64; x64; rv:63.0) Gecko/20100101 Firefox/63.0','[]','[]',1,'625507659@qq.com','127.0.0.1',1543474710,1543474710),(733,'rbac/menu/create','http://hehecms.admin/rbac/menu/create','Mozilla/5.0 (Windows NT 6.1; Win64; x64; rv:63.0) Gecko/20100101 Firefox/63.0','[]','[]',1,'625507659@qq.com','127.0.0.1',1543474719,1543474719),(734,'tools/ico','http://hehecms.admin/tools/ico','Mozilla/5.0 (Windows NT 6.1; Win64; x64; rv:63.0) Gecko/20100101 Firefox/63.0','[]','[]',1,'625507659@qq.com','127.0.0.1',1543474748,1543474748),(735,'rbac/menu/create','http://hehecms.admin/rbac/menu/create','Mozilla/5.0 (Windows NT 6.1; Win64; x64; rv:63.0) Gecko/20100101 Firefox/63.0','[]','{\"_csrf-backend\":\"zL5kP9o3jEAbr5Zx1iYTVZO0W8pSz3naXJX1Fu4AOUW-kyFylm2_czaZpSesb2s_ws0omQSsLp0W4bFyn0dxBA==\",\"Menu\":{\"parent\":\"32\",\"name\":\"\\u89e6\\u53d1\\u5668\\u5217\\u8868\",\"parent_name\":\"\\u591a\\u4efb\\u52a1\\u7ba1\\u7406\",\"route\":\"\\/task\\/trigger\\/index\",\"order\":\"3\",\"icon\":\"fa fa-credit-card-alt\"}}',1,'625507659@qq.com','127.0.0.1',1543474767,1543474767),(736,'rbac/menu/view','http://hehecms.admin/rbac/menu/view?id=35','Mozilla/5.0 (Windows NT 6.1; Win64; x64; rv:63.0) Gecko/20100101 Firefox/63.0','{\"id\":\"35\"}','[]',1,'625507659@qq.com','127.0.0.1',1543474768,1543474768),(737,'rbac/menu/index','http://hehecms.admin/rbac/menu/index','Mozilla/5.0 (Windows NT 6.1; Win64; x64; rv:63.0) Gecko/20100101 Firefox/63.0','[]','[]',1,'625507659@qq.com','127.0.0.1',1543474771,1543474771),(738,'site/index','http://hehecms.admin/','Mozilla/5.0 (Windows NT 6.1; Win64; x64; rv:63.0) Gecko/20100101 Firefox/63.0','[]','[]',1,'625507659@qq.com','127.0.0.1',1543474776,1543474776),(739,'task/job/index','http://hehecms.admin/task/job/index','Mozilla/5.0 (Windows NT 6.1; Win64; x64; rv:63.0) Gecko/20100101 Firefox/63.0','[]','[]',1,'625507659@qq.com','127.0.0.1',1543474777,1543474777),(740,'rbac/menu/index','http://hehecms.admin/rbac/menu/index','Mozilla/5.0 (Windows NT 6.1; Win64; x64; rv:63.0) Gecko/20100101 Firefox/63.0','[]','[]',1,'625507659@qq.com','127.0.0.1',1543474777,1543474777),(741,'rbac/route/index','http://hehecms.admin/rbac/route/index','Mozilla/5.0 (Windows NT 6.1; Win64; x64; rv:63.0) Gecko/20100101 Firefox/63.0','[]','[]',1,'625507659@qq.com','127.0.0.1',1543474777,1543474777),(742,'rbac/rule/index','http://hehecms.admin/rbac/rule/index','Mozilla/5.0 (Windows NT 6.1; Win64; x64; rv:63.0) Gecko/20100101 Firefox/63.0','[]','[]',1,'625507659@qq.com','127.0.0.1',1543474778,1543474778),(743,'task/trigger/index','http://hehecms.admin/task/trigger/index','Mozilla/5.0 (Windows NT 6.1; Win64; x64; rv:63.0) Gecko/20100101 Firefox/63.0','[]','[]',1,'625507659@qq.com','127.0.0.1',1543474866,1543474866),(744,'task/trigger/index','http://hehecms.admin/task/trigger/index','Mozilla/5.0 (Windows NT 6.1; Win64; x64; rv:63.0) Gecko/20100101 Firefox/63.0','[]','[]',1,'625507659@qq.com','127.0.0.1',1543474906,1543474906),(745,'task/trigger/create','http://hehecms.admin/task/trigger/create','Mozilla/5.0 (Windows NT 6.1; Win64; x64; rv:63.0) Gecko/20100101 Firefox/63.0','[]','[]',1,'625507659@qq.com','127.0.0.1',1543474908,1543474908),(746,'task/trigger/create','http://hehecms.admin/task/trigger/create','Mozilla/5.0 (Windows NT 6.1; Win64; x64; rv:63.0) Gecko/20100101 Firefox/63.0','[]','{\"_csrf-backend\":\"1h-0v7ytfY4U9UvpkslZ3cpLK8Cp46emNf-wudHEdfukMvHy8PdOvTnDeL_ogCG3mzJYk_-A8OF_i_TdoIM9ug==\",\"Trigger\":{\"name\":\"\\u5708\\u5b50\\u9996\\u9875\\u63a8\\u8350\\u4f4d\\u89e6\\u53d1\\u5668\",\"unique_key\":\"t_group\",\"task\":\"{\\r\\n        \\\"type\\\": \\\"slot\\\",\\r\\n        \\\"executor\\\": \\\"app_slot\\\",\\r\\n        \\\"jobs\\\": [\\r\\n          \\\"job_gomemqpcSend\\\",\\r\\n          \\\"job_baleSlot\\\"\\r\\n        ]\\r\\n      }\",\"sort\":\"1\"}}',1,'625507659@qq.com','127.0.0.1',1543475128,1543475128),(747,'task/trigger/view','http://hehecms.admin/task/trigger/view?id=1','Mozilla/5.0 (Windows NT 6.1; Win64; x64; rv:63.0) Gecko/20100101 Firefox/63.0','{\"id\":\"1\"}','[]',1,'625507659@qq.com','127.0.0.1',1543475128,1543475128),(748,'task/trigger/index','http://hehecms.admin/task/trigger/index','Mozilla/5.0 (Windows NT 6.1; Win64; x64; rv:63.0) Gecko/20100101 Firefox/63.0','[]','[]',1,'625507659@qq.com','127.0.0.1',1543475135,1543475135),(749,'task/trigger/update','http://hehecms.admin/task/trigger/update?id=1','Mozilla/5.0 (Windows NT 6.1; Win64; x64; rv:63.0) Gecko/20100101 Firefox/63.0','{\"id\":\"1\"}','[]',1,'625507659@qq.com','127.0.0.1',1543475140,1543475140),(750,'site/index','http://hehecms.admin/','Mozilla/5.0 (Windows NT 6.1; Win64; x64; rv:63.0) Gecko/20100101 Firefox/63.0','[]','[]',1,'625507659@qq.com','127.0.0.1',1543475461,1543475461),(751,'task/trigger/index','http://hehecms.admin/task/trigger/index','Mozilla/5.0 (Windows NT 6.1; Win64; x64; rv:63.0) Gecko/20100101 Firefox/63.0','[]','[]',1,'625507659@qq.com','127.0.0.1',1543475465,1543475465),(752,'task/trigger/update','http://hehecms.admin/task/trigger/update?id=1','Mozilla/5.0 (Windows NT 6.1; Win64; x64; rv:63.0) Gecko/20100101 Firefox/63.0','{\"id\":\"1\"}','[]',1,'625507659@qq.com','127.0.0.1',1543475471,1543475471),(753,'task/trigger/update','http://hehecms.admin/task/trigger/update?id=1','Mozilla/5.0 (Windows NT 6.1; Win64; x64; rv:63.0) Gecko/20100101 Firefox/63.0','{\"id\":\"1\"}','{\"_csrf-backend\":\"rW3bshaOeGMGs8IK9zNcuBx7qPzR0UEx8WBNOx1IZiLfQJ7_WtRLUCuF8VyNeiTSTQLbr4eyFna7FAlfbA8uYw==\",\"Trigger\":{\"name\":\"\\u5708\\u5b50\\u9996\\u9875\\u63a8\\u8350\\u4f4d\\u89e6\\u53d1\\u5668\",\"unique_key\":\"t_group\",\"task\":\"{\\r\\n        \\\"type\\\": \\\"slot\\\",\\r\\n        \\\"executor\\\": \\\"app_slot\\\",\\r\\n        \\\"jobs\\\": [\\r\\n          \\\"job_gomemqpcSend\\\",\\r\\n          \\\"job_baleSlot\\\"\\r\\n        ]\\r\\n      }\",\"sort\":\"1\"}}',1,'625507659@qq.com','127.0.0.1',1543475528,1543475528),(754,'task/trigger/view','http://hehecms.admin/task/trigger/view?id=1','Mozilla/5.0 (Windows NT 6.1; Win64; x64; rv:63.0) Gecko/20100101 Firefox/63.0','{\"id\":\"1\"}','[]',1,'625507659@qq.com','127.0.0.1',1543475529,1543475529),(755,'task/trigger/index','http://hehecms.admin/task/trigger/index','Mozilla/5.0 (Windows NT 6.1; Win64; x64; rv:63.0) Gecko/20100101 Firefox/63.0','[]','[]',1,'625507659@qq.com','127.0.0.1',1543475533,1543475533);

/*Table structure for table `he_auth_assignment` */

DROP TABLE IF EXISTS `he_auth_assignment`;

CREATE TABLE `he_auth_assignment` (
  `item_name` varchar(64) COLLATE utf8_unicode_ci NOT NULL,
  `user_id` varchar(64) COLLATE utf8_unicode_ci NOT NULL,
  `created_at` int(11) DEFAULT NULL,
  PRIMARY KEY (`item_name`,`user_id`),
  CONSTRAINT `he_auth_assignment_ibfk_1` FOREIGN KEY (`item_name`) REFERENCES `he_auth_item` (`name`) ON DELETE CASCADE ON UPDATE CASCADE
) ENGINE=InnoDB DEFAULT CHARSET=utf8 COLLATE=utf8_unicode_ci;

/*Data for the table `he_auth_assignment` */

insert  into `he_auth_assignment`(`item_name`,`user_id`,`created_at`) values ('基本权限','1',1539312113),('基本权限','10',1512542177),('文章管理权限','1',1539312113),('文章管理权限','10',1512542277),('演示角色','1',1539312113),('演示角色','2',1521768786),('管理员','1',1516773830);

/*Table structure for table `he_auth_item` */

DROP TABLE IF EXISTS `he_auth_item`;

CREATE TABLE `he_auth_item` (
  `name` varchar(64) COLLATE utf8_unicode_ci NOT NULL,
  `type` smallint(6) NOT NULL,
  `description` text COLLATE utf8_unicode_ci,
  `rule_name` varchar(64) COLLATE utf8_unicode_ci DEFAULT NULL,
  `data` blob,
  `created_at` int(11) DEFAULT NULL,
  `updated_at` int(11) DEFAULT NULL,
  PRIMARY KEY (`name`),
  KEY `rule_name` (`rule_name`),
  KEY `type` (`type`),
  CONSTRAINT `he_auth_item_ibfk_1` FOREIGN KEY (`rule_name`) REFERENCES `he_auth_rule` (`name`) ON DELETE SET NULL ON UPDATE CASCADE
) ENGINE=InnoDB DEFAULT CHARSET=utf8 COLLATE=utf8_unicode_ci;

/*Data for the table `he_auth_item` */

insert  into `he_auth_item`(`name`,`type`,`description`,`rule_name`,`data`,`created_at`,`updated_at`) values ('/*',2,NULL,NULL,NULL,1513838979,1513838979),('/article/*',2,NULL,NULL,NULL,1513838979,1513838979),('/article/article-group/*',2,NULL,NULL,NULL,1513838979,1513838979),('/article/article-group/create',2,NULL,NULL,NULL,1513838979,1513838979),('/article/article-group/delete',2,NULL,NULL,NULL,1513838979,1513838979),('/article/article-group/delete-all',2,NULL,NULL,NULL,1513838979,1513838979),('/article/article-group/index',2,NULL,NULL,NULL,1513838979,1513838979),('/article/article-group/update',2,NULL,NULL,NULL,1513838979,1513838979),('/article/article-group/view',2,NULL,NULL,NULL,1513838979,1513838979),('/article/article/*',2,NULL,NULL,NULL,1513838979,1513838979),('/article/article/create',2,NULL,NULL,NULL,1513838979,1513838979),('/article/article/delete',2,NULL,NULL,NULL,1513838979,1513838979),('/article/article/delete-all',2,NULL,NULL,NULL,1513838979,1513838979),('/article/article/index',2,NULL,NULL,NULL,1513838979,1513838979),('/article/article/update',2,NULL,NULL,NULL,1513838979,1513838979),('/article/article/view',2,NULL,NULL,NULL,1513838979,1513838979),('/article/comment/*',2,NULL,NULL,NULL,1513838979,1513838979),('/article/comment/delete',2,NULL,NULL,NULL,1513838979,1513838979),('/article/comment/delete-all',2,NULL,NULL,NULL,1513838979,1513838979),('/article/comment/index',2,NULL,NULL,NULL,1513838979,1513838979),('/article/comment/nopass',2,NULL,NULL,NULL,1513838979,1513838979),('/article/comment/pass',2,NULL,NULL,NULL,1513838979,1513838979),('/article/comment/reply',2,NULL,NULL,NULL,1513838979,1513838979),('/article/comment/view',2,NULL,NULL,NULL,1513838979,1513838979),('/article/link/*',2,NULL,NULL,NULL,1513838979,1513838979),('/article/link/create',2,NULL,NULL,NULL,1513838979,1513838979),('/article/link/delete',2,NULL,NULL,NULL,1513838979,1513838979),('/article/link/delete-all',2,NULL,NULL,NULL,1513838979,1513838979),('/article/link/index',2,NULL,NULL,NULL,1513838979,1513838979),('/article/link/update',2,NULL,NULL,NULL,1513838979,1513838979),('/article/link/view',2,NULL,NULL,NULL,1513838979,1513838979),('/article/music/*',2,NULL,NULL,NULL,1513838979,1513838979),('/article/music/create',2,NULL,NULL,NULL,1513838979,1513838979),('/article/music/delete',2,NULL,NULL,NULL,1513838979,1513838979),('/article/music/delete-all',2,NULL,NULL,NULL,1513838979,1513838979),('/article/music/index',2,NULL,NULL,NULL,1513838979,1513838979),('/article/music/online-music',2,NULL,NULL,NULL,1527666273,1527666273),('/article/music/update',2,NULL,NULL,NULL,1513838979,1513838979),('/article/music/view',2,NULL,NULL,NULL,1513838979,1513838979),('/article/photo-group/*',2,NULL,NULL,NULL,1513840543,1513840543),('/article/photo-group/create',2,NULL,NULL,NULL,1513840543,1513840543),('/article/photo-group/delete',2,NULL,NULL,NULL,1513840543,1513840543),('/article/photo-group/delete-all',2,NULL,NULL,NULL,1513840543,1513840543),('/article/photo-group/index',2,NULL,NULL,NULL,1513840543,1513840543),('/article/photo-group/update',2,NULL,NULL,NULL,1513840543,1513840543),('/article/photo-group/view',2,NULL,NULL,NULL,1513840543,1513840543),('/article/photo/*',2,NULL,NULL,NULL,1513840543,1513840543),('/article/photo/create',2,NULL,NULL,NULL,1513840543,1513840543),('/article/photo/delete',2,NULL,NULL,NULL,1513840543,1513840543),('/article/photo/delete-all',2,NULL,NULL,NULL,1513840543,1513840543),('/article/photo/index',2,NULL,NULL,NULL,1513840543,1513840543),('/article/photo/update',2,NULL,NULL,NULL,1513840543,1513840543),('/article/photo/view',2,NULL,NULL,NULL,1513840543,1513840543),('/article/test-article-group/*',2,NULL,NULL,NULL,1538989710,1538989710),('/article/test-article-group/create',2,NULL,NULL,NULL,1538989710,1538989710),('/article/test-article-group/delete',2,NULL,NULL,NULL,1538989710,1538989710),('/article/test-article-group/index',2,NULL,NULL,NULL,1538989710,1538989710),('/article/test-article-group/update',2,NULL,NULL,NULL,1538989710,1538989710),('/article/test-article-group/view',2,NULL,NULL,NULL,1538989710,1538989710),('/backup/*',2,NULL,NULL,NULL,1513838979,1513838979),('/backup/export/*',2,NULL,NULL,NULL,1513838979,1513838979),('/backup/export/index',2,NULL,NULL,NULL,1513838979,1513838979),('/backup/export/init',2,NULL,NULL,NULL,1513838979,1513838979),('/backup/export/optimize',2,NULL,NULL,NULL,1513838979,1513838979),('/backup/export/repair',2,NULL,NULL,NULL,1513838979,1513838979),('/backup/export/start',2,NULL,NULL,NULL,1513838979,1513838979),('/backup/import/*',2,NULL,NULL,NULL,1513838979,1513838979),('/backup/import/del',2,NULL,NULL,NULL,1513838979,1513838979),('/backup/import/index',2,NULL,NULL,NULL,1513838979,1513838979),('/backup/import/init',2,NULL,NULL,NULL,1513838979,1513838979),('/backup/import/start',2,NULL,NULL,NULL,1513838979,1513838979),('/debug/*',2,NULL,NULL,NULL,1513838979,1513838979),('/debug/default/*',2,NULL,NULL,NULL,1513838979,1513838979),('/debug/default/db-explain',2,NULL,NULL,NULL,1513838979,1513838979),('/debug/default/download-mail',2,NULL,NULL,NULL,1513838979,1513838979),('/debug/default/index',2,NULL,NULL,NULL,1513838979,1513838979),('/debug/default/toolbar',2,NULL,NULL,NULL,1513838979,1513838979),('/debug/default/view',2,NULL,NULL,NULL,1513838979,1513838979),('/debug/user/*',2,NULL,NULL,NULL,1513838979,1513838979),('/debug/user/reset-identity',2,NULL,NULL,NULL,1513838979,1513838979),('/debug/user/set-identity',2,NULL,NULL,NULL,1513838979,1513838979),('/gii/*',2,NULL,NULL,NULL,1513838979,1513838979),('/gii/default/*',2,NULL,NULL,NULL,1513838979,1513838979),('/gii/default/action',2,NULL,NULL,NULL,1513838979,1513838979),('/gii/default/diff',2,NULL,NULL,NULL,1513838979,1513838979),('/gii/default/index',2,NULL,NULL,NULL,1513838979,1513838979),('/gii/default/preview',2,NULL,NULL,NULL,1513838979,1513838979),('/gii/default/view',2,NULL,NULL,NULL,1513838979,1513838979),('/rbac/*',2,NULL,NULL,NULL,1513838979,1513838979),('/rbac/assignment/*',2,NULL,NULL,NULL,1513838979,1513838979),('/rbac/assignment/assign',2,NULL,NULL,NULL,1513838979,1513838979),('/rbac/assignment/index',2,NULL,NULL,NULL,1513838979,1513838979),('/rbac/assignment/revoke',2,NULL,NULL,NULL,1513838979,1513838979),('/rbac/assignment/view',2,NULL,NULL,NULL,1513838979,1513838979),('/rbac/default/*',2,NULL,NULL,NULL,1513838979,1513838979),('/rbac/default/index',2,NULL,NULL,NULL,1513838979,1513838979),('/rbac/log/*',2,NULL,NULL,NULL,1521793951,1521793951),('/rbac/log/index',2,NULL,NULL,NULL,1521793951,1521793951),('/rbac/log/view',2,NULL,NULL,NULL,1521793951,1521793951),('/rbac/menu/*',2,NULL,NULL,NULL,1513838979,1513838979),('/rbac/menu/create',2,NULL,NULL,NULL,1513838979,1513838979),('/rbac/menu/delete',2,NULL,NULL,NULL,1513838979,1513838979),('/rbac/menu/delete-all',2,NULL,NULL,NULL,1513838979,1513838979),('/rbac/menu/index',2,NULL,NULL,NULL,1513838979,1513838979),('/rbac/menu/update',2,NULL,NULL,NULL,1513838979,1513838979),('/rbac/menu/view',2,NULL,NULL,NULL,1513838979,1513838979),('/rbac/permission/*',2,NULL,NULL,NULL,1513838979,1513838979),('/rbac/permission/assign',2,NULL,NULL,NULL,1513838979,1513838979),('/rbac/permission/create',2,NULL,NULL,NULL,1513838979,1513838979),('/rbac/permission/delete',2,NULL,NULL,NULL,1513838979,1513838979),('/rbac/permission/index',2,NULL,NULL,NULL,1513838979,1513838979),('/rbac/permission/remove',2,NULL,NULL,NULL,1513838979,1513838979),('/rbac/permission/update',2,NULL,NULL,NULL,1513838979,1513838979),('/rbac/permission/view',2,NULL,NULL,NULL,1513838979,1513838979),('/rbac/role/*',2,NULL,NULL,NULL,1513838979,1513838979),('/rbac/role/assign',2,NULL,NULL,NULL,1513838979,1513838979),('/rbac/role/create',2,NULL,NULL,NULL,1513838979,1513838979),('/rbac/role/delete',2,NULL,NULL,NULL,1513838979,1513838979),('/rbac/role/index',2,NULL,NULL,NULL,1513838979,1513838979),('/rbac/role/remove',2,NULL,NULL,NULL,1513838979,1513838979),('/rbac/role/update',2,NULL,NULL,NULL,1513838979,1513838979),('/rbac/role/view',2,NULL,NULL,NULL,1513838979,1513838979),('/rbac/route/*',2,NULL,NULL,NULL,1513838979,1513838979),('/rbac/route/assign',2,NULL,NULL,NULL,1513838979,1513838979),('/rbac/route/create',2,NULL,NULL,NULL,1513838979,1513838979),('/rbac/route/index',2,NULL,NULL,NULL,1513838979,1513838979),('/rbac/route/refresh',2,NULL,NULL,NULL,1513838979,1513838979),('/rbac/route/remove',2,NULL,NULL,NULL,1513838979,1513838979),('/rbac/rule/*',2,NULL,NULL,NULL,1513838979,1513838979),('/rbac/rule/create',2,NULL,NULL,NULL,1513838979,1513838979),('/rbac/rule/delete',2,NULL,NULL,NULL,1513838979,1513838979),('/rbac/rule/index',2,NULL,NULL,NULL,1513838979,1513838979),('/rbac/rule/update',2,NULL,NULL,NULL,1513838979,1513838979),('/rbac/rule/view',2,NULL,NULL,NULL,1513838979,1513838979),('/rbac/user/*',2,NULL,NULL,NULL,1513838979,1513838979),('/rbac/user/active',2,NULL,NULL,NULL,1513838979,1513838979),('/rbac/user/change-password',2,NULL,NULL,NULL,1513838979,1513838979),('/rbac/user/delete',2,NULL,NULL,NULL,1513838979,1513838979),('/rbac/user/inactive',2,NULL,NULL,NULL,1513838979,1513838979),('/rbac/user/index',2,NULL,NULL,NULL,1513838979,1513838979),('/rbac/user/login',2,NULL,NULL,NULL,1513838979,1513838979),('/rbac/user/logout',2,NULL,NULL,NULL,1513838979,1513838979),('/rbac/user/request-password-reset',2,NULL,NULL,NULL,1513838979,1513838979),('/rbac/user/reset-password',2,NULL,NULL,NULL,1513838979,1513838979),('/rbac/user/signup',2,NULL,NULL,NULL,1513838979,1513838979),('/rbac/user/update',2,NULL,NULL,NULL,1513838979,1513838979),('/rbac/user/update-self',2,NULL,NULL,NULL,1513838979,1513838979),('/rbac/user/view',2,NULL,NULL,NULL,1513838979,1513838979),('/site/*',2,NULL,NULL,NULL,1513838979,1513838979),('/site/dashboard',2,NULL,NULL,NULL,1516773692,1516773692),('/site/error',2,NULL,NULL,NULL,1513838979,1513838979),('/site/index',2,NULL,NULL,NULL,1513838979,1513838979),('/site/test',2,NULL,NULL,NULL,1539312029,1539312029),('/system/*',2,NULL,NULL,NULL,1513838979,1513838979),('/system/config/*',2,NULL,NULL,NULL,1513838979,1513838979),('/system/config/create',2,NULL,NULL,NULL,1513838979,1513838979),('/system/config/delete',2,NULL,NULL,NULL,1513838979,1513838979),('/system/config/delete-all',2,NULL,NULL,NULL,1513838979,1513838979),('/system/config/index',2,NULL,NULL,NULL,1513838979,1513838979),('/system/config/update',2,NULL,NULL,NULL,1513838979,1513838979),('/system/config/view',2,NULL,NULL,NULL,1513838979,1513838979),('/system/memorandum/*',2,NULL,NULL,NULL,1528875249,1528875249),('/system/memorandum/create',2,NULL,NULL,NULL,1528875249,1528875249),('/system/memorandum/delete',2,NULL,NULL,NULL,1528875249,1528875249),('/system/memorandum/delete-all',2,NULL,NULL,NULL,1528875249,1528875249),('/system/memorandum/index',2,NULL,NULL,NULL,1528875249,1528875249),('/system/memorandum/update',2,NULL,NULL,NULL,1528875249,1528875249),('/system/memorandum/view',2,NULL,NULL,NULL,1528875249,1528875249),('/system/neteasy/*',2,NULL,NULL,NULL,1528873251,1528873251),('/system/neteasy/create',2,NULL,NULL,NULL,1528873251,1528873251),('/system/neteasy/delete',2,NULL,NULL,NULL,1528873251,1528873251),('/system/neteasy/delete-all',2,NULL,NULL,NULL,1528873251,1528873251),('/system/neteasy/index',2,NULL,NULL,NULL,1528873251,1528873251),('/system/neteasy/update',2,NULL,NULL,NULL,1528873251,1528873251),('/system/neteasy/view',2,NULL,NULL,NULL,1528873251,1528873251),('/system/user-rank/*',2,NULL,NULL,NULL,1513838979,1513838979),('/system/user-rank/create',2,NULL,NULL,NULL,1513838979,1513838979),('/system/user-rank/delete',2,NULL,NULL,NULL,1513838979,1513838979),('/system/user-rank/delete-all',2,NULL,NULL,NULL,1513838979,1513838979),('/system/user-rank/index',2,NULL,NULL,NULL,1513838979,1513838979),('/system/user-rank/update',2,NULL,NULL,NULL,1513838979,1513838979),('/system/user-rank/view',2,NULL,NULL,NULL,1513838979,1513838979),('/system/user/*',2,NULL,NULL,NULL,1513838979,1513838979),('/system/user/active',2,NULL,NULL,NULL,1513838979,1513838979),('/system/user/create',2,NULL,NULL,NULL,1513838979,1513838979),('/system/user/delete',2,NULL,NULL,NULL,1513838979,1513838979),('/system/user/delete-all',2,NULL,NULL,NULL,1513838979,1513838979),('/system/user/inactive',2,NULL,NULL,NULL,1513838979,1513838979),('/system/user/index',2,NULL,NULL,NULL,1513838979,1513838979),('/system/user/online-users',2,NULL,NULL,NULL,1518083077,1518083077),('/system/user/update',2,NULL,NULL,NULL,1513838979,1513838979),('/system/user/view',2,NULL,NULL,NULL,1513838979,1513838979),('/task/*',2,NULL,NULL,NULL,1543459996,1543459996),('/task/executor/*',2,NULL,NULL,NULL,1543460007,1543460007),('/task/executor/create',2,NULL,NULL,NULL,1543460006,1543460006),('/task/executor/delete',2,NULL,NULL,NULL,1543460007,1543460007),('/task/executor/delete-all',2,NULL,NULL,NULL,1543460007,1543460007),('/task/executor/index',2,NULL,NULL,NULL,1543388336,1543388336),('/task/executor/update',2,NULL,NULL,NULL,1543460006,1543460006),('/task/executor/view',2,NULL,NULL,NULL,1543460006,1543460006),('/task/job/*',2,NULL,NULL,NULL,1543460008,1543460008),('/task/job/create',2,NULL,NULL,NULL,1543460007,1543460007),('/task/job/delete',2,NULL,NULL,NULL,1543460007,1543460007),('/task/job/delete-all',2,NULL,NULL,NULL,1543460008,1543460008),('/task/job/index',2,NULL,NULL,NULL,1543459990,1543459990),('/task/job/update',2,NULL,NULL,NULL,1543460007,1543460007),('/task/job/view',2,NULL,NULL,NULL,1543460007,1543460007),('/task/trigger/index',2,NULL,NULL,NULL,1543474681,1543474681),('/tools/*',2,NULL,NULL,NULL,1513838979,1513838979),('/tools/ico',2,NULL,NULL,NULL,1539334899,1539334899),('/tools/upload',2,NULL,NULL,NULL,1513838979,1513838979),('/tools/upload-editor',2,NULL,NULL,NULL,1513838979,1513838979),('基本权限',1,'后台人员所需要的基本权限',NULL,NULL,1512542066,1512542066),('文章管理权限',1,'管理后台文章权限',NULL,NULL,1512542259,1512542259),('演示角色',1,'用于演示的角色',NULL,NULL,1521768107,1521768107),('管理员',1,'超级管理员权限',NULL,NULL,1498697175,1512542127);

/*Table structure for table `he_auth_item_child` */

DROP TABLE IF EXISTS `he_auth_item_child`;

CREATE TABLE `he_auth_item_child` (
  `parent` varchar(64) COLLATE utf8_unicode_ci NOT NULL,
  `child` varchar(64) COLLATE utf8_unicode_ci NOT NULL,
  PRIMARY KEY (`parent`,`child`),
  KEY `child` (`child`),
  CONSTRAINT `he_auth_item_child_ibfk_1` FOREIGN KEY (`parent`) REFERENCES `he_auth_item` (`name`) ON DELETE CASCADE ON UPDATE CASCADE,
  CONSTRAINT `he_auth_item_child_ibfk_2` FOREIGN KEY (`child`) REFERENCES `he_auth_item` (`name`) ON DELETE CASCADE ON UPDATE CASCADE
) ENGINE=InnoDB DEFAULT CHARSET=utf8 COLLATE=utf8_unicode_ci;

/*Data for the table `he_auth_item_child` */

insert  into `he_auth_item_child`(`parent`,`child`) values ('管理员','/*'),('管理员','/article/*'),('管理员','/article/article-group/*'),('管理员','/article/article-group/create'),('管理员','/article/article-group/delete'),('管理员','/article/article-group/delete-all'),('演示角色','/article/article-group/index'),('管理员','/article/article-group/index'),('管理员','/article/article-group/update'),('演示角色','/article/article-group/view'),('管理员','/article/article-group/view'),('管理员','/article/article/*'),('管理员','/article/article/create'),('管理员','/article/article/delete'),('管理员','/article/article/delete-all'),('演示角色','/article/article/index'),('管理员','/article/article/index'),('管理员','/article/article/update'),('演示角色','/article/article/view'),('管理员','/article/article/view'),('管理员','/article/comment/*'),('管理员','/article/comment/delete'),('管理员','/article/comment/delete-all'),('演示角色','/article/comment/index'),('管理员','/article/comment/index'),('管理员','/article/comment/nopass'),('管理员','/article/comment/pass'),('管理员','/article/comment/reply'),('演示角色','/article/comment/view'),('管理员','/article/comment/view'),('管理员','/article/link/*'),('管理员','/article/link/create'),('管理员','/article/link/delete'),('管理员','/article/link/delete-all'),('演示角色','/article/link/index'),('管理员','/article/link/index'),('管理员','/article/link/update'),('演示角色','/article/link/view'),('管理员','/article/link/view'),('管理员','/article/music/*'),('管理员','/article/music/create'),('管理员','/article/music/delete'),('管理员','/article/music/delete-all'),('演示角色','/article/music/index'),('管理员','/article/music/index'),('演示角色','/article/music/online-music'),('管理员','/article/music/online-music'),('管理员','/article/music/update'),('演示角色','/article/music/view'),('管理员','/article/music/view'),('管理员','/article/photo-group/*'),('管理员','/article/photo-group/create'),('管理员','/article/photo-group/delete'),('管理员','/article/photo-group/delete-all'),('演示角色','/article/photo-group/index'),('管理员','/article/photo-group/index'),('管理员','/article/photo-group/update'),('演示角色','/article/photo-group/view'),('管理员','/article/photo-group/view'),('管理员','/article/photo/*'),('管理员','/article/photo/create'),('管理员','/article/photo/delete'),('管理员','/article/photo/delete-all'),('演示角色','/article/photo/index'),('管理员','/article/photo/index'),('管理员','/article/photo/update'),('演示角色','/article/photo/view'),('管理员','/article/photo/view'),('管理员','/article/test-article-group/*'),('管理员','/article/test-article-group/create'),('管理员','/article/test-article-group/delete'),('管理员','/article/test-article-group/index'),('管理员','/article/test-article-group/update'),('管理员','/article/test-article-group/view'),('管理员','/backup/*'),('管理员','/backup/export/*'),('演示角色','/backup/export/index'),('管理员','/backup/export/index'),('管理员','/backup/export/init'),('管理员','/backup/export/optimize'),('管理员','/backup/export/repair'),('管理员','/backup/export/start'),('管理员','/backup/import/*'),('管理员','/backup/import/del'),('演示角色','/backup/import/index'),('管理员','/backup/import/index'),('管理员','/backup/import/init'),('管理员','/backup/import/start'),('管理员','/debug/*'),('管理员','/debug/default/*'),('管理员','/debug/default/db-explain'),('管理员','/debug/default/download-mail'),('管理员','/debug/default/index'),('管理员','/debug/default/toolbar'),('管理员','/debug/default/view'),('管理员','/debug/user/*'),('管理员','/debug/user/reset-identity'),('管理员','/debug/user/set-identity'),('管理员','/gii/*'),('管理员','/gii/default/*'),('管理员','/gii/default/action'),('管理员','/gii/default/diff'),('管理员','/gii/default/index'),('管理员','/gii/default/preview'),('管理员','/gii/default/view'),('管理员','/rbac/*'),('管理员','/rbac/assignment/*'),('管理员','/rbac/assignment/assign'),('演示角色','/rbac/assignment/index'),('管理员','/rbac/assignment/index'),('管理员','/rbac/assignment/revoke'),('演示角色','/rbac/assignment/view'),('管理员','/rbac/assignment/view'),('管理员','/rbac/default/*'),('管理员','/rbac/default/index'),('管理员','/rbac/log/*'),('管理员','/rbac/log/index'),('管理员','/rbac/log/view'),('管理员','/rbac/menu/*'),('管理员','/rbac/menu/create'),('管理员','/rbac/menu/delete'),('管理员','/rbac/menu/delete-all'),('演示角色','/rbac/menu/index'),('管理员','/rbac/menu/index'),('管理员','/rbac/menu/update'),('演示角色','/rbac/menu/view'),('管理员','/rbac/menu/view'),('管理员','/rbac/permission/*'),('管理员','/rbac/permission/assign'),('管理员','/rbac/permission/create'),('管理员','/rbac/permission/delete'),('演示角色','/rbac/permission/index'),('管理员','/rbac/permission/index'),('管理员','/rbac/permission/remove'),('管理员','/rbac/permission/update'),('演示角色','/rbac/permission/view'),('管理员','/rbac/permission/view'),('管理员','/rbac/role/*'),('管理员','/rbac/role/assign'),('管理员','/rbac/role/create'),('管理员','/rbac/role/delete'),('演示角色','/rbac/role/index'),('管理员','/rbac/role/index'),('管理员','/rbac/role/remove'),('管理员','/rbac/role/update'),('演示角色','/rbac/role/view'),('管理员','/rbac/role/view'),('管理员','/rbac/route/*'),('管理员','/rbac/route/assign'),('管理员','/rbac/route/create'),('演示角色','/rbac/route/index'),('管理员','/rbac/route/index'),('管理员','/rbac/route/refresh'),('管理员','/rbac/route/remove'),('管理员','/rbac/rule/*'),('管理员','/rbac/rule/create'),('管理员','/rbac/rule/delete'),('演示角色','/rbac/rule/index'),('管理员','/rbac/rule/index'),('管理员','/rbac/rule/update'),('演示角色','/rbac/rule/view'),('管理员','/rbac/rule/view'),('管理员','/rbac/user/*'),('管理员','/rbac/user/active'),('管理员','/rbac/user/change-password'),('管理员','/rbac/user/delete'),('管理员','/rbac/user/inactive'),('演示角色','/rbac/user/index'),('管理员','/rbac/user/index'),('演示角色','/rbac/user/login'),('管理员','/rbac/user/login'),('演示角色','/rbac/user/logout'),('管理员','/rbac/user/logout'),('管理员','/rbac/user/request-password-reset'),('管理员','/rbac/user/reset-password'),('管理员','/rbac/user/signup'),('管理员','/rbac/user/update'),('管理员','/rbac/user/update-self'),('演示角色','/rbac/user/view'),('管理员','/rbac/user/view'),('管理员','/site/*'),('演示角色','/site/dashboard'),('管理员','/site/dashboard'),('管理员','/site/error'),('演示角色','/site/index'),('管理员','/site/index'),('管理员','/site/test'),('管理员','/system/*'),('管理员','/system/config/*'),('管理员','/system/config/create'),('管理员','/system/config/delete'),('管理员','/system/config/delete-all'),('管理员','/system/config/index'),('管理员','/system/config/update'),('管理员','/system/config/view'),('管理员','/system/memorandum/*'),('管理员','/system/memorandum/create'),('管理员','/system/memorandum/delete'),('管理员','/system/memorandum/delete-all'),('管理员','/system/memorandum/index'),('管理员','/system/memorandum/update'),('管理员','/system/memorandum/view'),('管理员','/system/neteasy/*'),('管理员','/system/neteasy/create'),('管理员','/system/neteasy/delete'),('管理员','/system/neteasy/delete-all'),('管理员','/system/neteasy/index'),('管理员','/system/neteasy/update'),('管理员','/system/neteasy/view'),('管理员','/system/user-rank/*'),('管理员','/system/user-rank/create'),('管理员','/system/user-rank/delete'),('管理员','/system/user-rank/delete-all'),('演示角色','/system/user-rank/index'),('管理员','/system/user-rank/index'),('管理员','/system/user-rank/update'),('演示角色','/system/user-rank/view'),('管理员','/system/user-rank/view'),('管理员','/system/user/*'),('管理员','/system/user/active'),('管理员','/system/user/create'),('管理员','/system/user/delete'),('管理员','/system/user/delete-all'),('管理员','/system/user/inactive'),('管理员','/system/user/index'),('管理员','/system/user/online-users'),('管理员','/system/user/update'),('管理员','/system/user/view'),('管理员','/task/executor/index'),('管理员','/tools/*'),('管理员','/tools/ico'),('管理员','/tools/upload'),('管理员','/tools/upload-editor');

/*Table structure for table `he_auth_rule` */

DROP TABLE IF EXISTS `he_auth_rule`;

CREATE TABLE `he_auth_rule` (
  `name` varchar(64) COLLATE utf8_unicode_ci NOT NULL,
  `data` blob,
  `created_at` int(11) DEFAULT NULL,
  `updated_at` int(11) DEFAULT NULL,
  PRIMARY KEY (`name`)
) ENGINE=InnoDB DEFAULT CHARSET=utf8 COLLATE=utf8_unicode_ci;

/*Data for the table `he_auth_rule` */

/*Table structure for table `he_config` */

DROP TABLE IF EXISTS `he_config`;

CREATE TABLE `he_config` (
  `id` int(10) unsigned NOT NULL AUTO_INCREMENT COMMENT '配置ID',
  `name` varchar(30) NOT NULL DEFAULT '' COMMENT '配置名称',
  `title` varchar(50) NOT NULL DEFAULT '' COMMENT '配置说明',
  `value` text COMMENT '配置值',
  `remark` varchar(100) NOT NULL DEFAULT '' COMMENT '配置说明',
  `sort` smallint(3) unsigned NOT NULL DEFAULT '0' COMMENT '排序',
  `status` tinyint(4) NOT NULL DEFAULT '1' COMMENT '状态',
  `created_at` int(11) unsigned NOT NULL DEFAULT '0' COMMENT '创建时间',
  `updated_at` int(11) unsigned NOT NULL DEFAULT '0' COMMENT '更新时间',
  PRIMARY KEY (`id`),
  UNIQUE KEY `index` (`name`,`id`) USING BTREE
) ENGINE=MyISAM AUTO_INCREMENT=25 DEFAULT CHARSET=utf8;

/*Data for the table `he_config` */

insert  into `he_config`(`id`,`name`,`title`,`value`,`remark`,`sort`,`status`,`created_at`,`updated_at`) values (1,'WEB_SITE_TITLE','网站标题','内容管理框架','网站标题前台显示标题',0,0,1378898976,1510118190),(2,'WEB_SITE_DESCRIPTION','网站描述','内容管理框架','网站搜索引擎描述',1,0,1378898976,1472528403),(3,'WEB_SITE_KEYWORD','网站关键字','黄龙飞11','网站搜索引擎关键字',8,0,1378898976,1472528403),(4,'WEB_SITE_CLOSE','网站关闭','0','网站关闭',0,0,1379122533,1379122533),(10,'WEB_SITE_ICP','网站备案号','沪ICP备12007941号-2','设置在网站底部显示的备案号，如“沪ICP备12007941号-2',9,0,1378900335,1472528403),(11,'WEB_SITE_RESOURCES_URL','上传图片服务器域名（可用二级域名）','https://resources.alilinet.com/','域名格式（https://resources.alilinet.com/）',3,0,1379053380,1516948101),(13,'COLOR_STYLE','后台色系','default_color','后台颜色风格',10,1,1379122533,1472528403),(20,'WEB_SITE_ALLOW_UPLOAD_TYPE','站点允许上传文件类型','jpg,rar,png,gif,rar','只需要填写后缀即可',1,1,1512626843,1517147572),(21,'OAUTH_QQ','第三方QQ登录配置项','{\r\n	\"client_id\": \"**********\",\r\n	\"client_secret\": \"**********\",\r\n	\"redirect_uri\": \"**********\"\r\n}','第三方QQ登录配置项',1,1,1516869590,1539942431),(22,'WEB_SITE_AJAX_URL','网站AJAX请求域名','https://www.alilinet.com/','网站AJAX请求域名',2,1,1516869798,1516948115),(23,'WEB_SITE_BACKGROUND','站点头部背景图','/images/background.jpg','站点头部背景图',3,1,1516949337,1516949390),(24,'NETEASE_COOKIE','网易云音乐cookie','888888','网易云音乐cookie',1,1,1527666426,1539942454);

/*Table structure for table `he_executor` */

DROP TABLE IF EXISTS `he_executor`;

CREATE TABLE `he_executor` (
  `id` int(10) unsigned NOT NULL AUTO_INCREMENT COMMENT '主键id',
  `name` varchar(20) DEFAULT NULL COMMENT '执行器名称',
  `unique_key` varchar(20) NOT NULL COMMENT '执行器唯一key',
  `sort` tinyint(4) DEFAULT NULL COMMENT '排序',
  `type` tinyint(4) DEFAULT NULL COMMENT '注册类型，1为自动注册，2为手动注册',
  `ips` varchar(50) DEFAULT NULL COMMENT '执行器所在服务器ip',
  `topic` varchar(50) DEFAULT NULL COMMENT '执行器绑定的队列名称',
  `create_time` int(10) unsigned DEFAULT NULL COMMENT '创建时间',
  `update_time` int(10) unsigned DEFAULT NULL COMMENT '更新时间',
  `account_name` varchar(20) DEFAULT NULL COMMENT '上次更新数据的账户',
  PRIMARY KEY (`id`)
) ENGINE=MyISAM AUTO_INCREMENT=4 DEFAULT CHARSET=utf8 COMMENT='执行器';

/*Data for the table `he_executor` */

insert  into `he_executor`(`id`,`name`,`unique_key`,`sort`,`type`,`ips`,`topic`,`create_time`,`update_time`,`account_name`) values (1,'推荐位任务执行器','app_slot',1,1,NULL,NULL,NULL,NULL,NULL),(3,'文档任务执行器','app_document',2,1,NULL,NULL,NULL,NULL,NULL);

/*Table structure for table `he_job` */

DROP TABLE IF EXISTS `he_job`;

CREATE TABLE `he_job` (
  `id` int(10) unsigned NOT NULL AUTO_INCREMENT COMMENT '主键自增',
  `name` varchar(20) DEFAULT NULL COMMENT '名称',
  `executor_key` varchar(30) DEFAULT NULL COMMENT '执行器唯一key',
  `unique_key` varchar(20) DEFAULT NULL COMMENT '唯一key',
  `group` varchar(20) DEFAULT NULL COMMENT '属主',
  `handler` varchar(20) DEFAULT NULL COMMENT '方法',
  `call_type` tinyint(4) NOT NULL COMMENT '服务调用方式，1为http，2为rpc，3为local',
  `host` varchar(50) DEFAULT NULL COMMENT '提供服务的主机',
  `port` smallint(5) unsigned DEFAULT NULL COMMENT '提供服务的端口',
  `server_name` varchar(20) DEFAULT NULL COMMENT '服务名称',
  `start` tinyint(3) unsigned DEFAULT NULL COMMENT '1为开启，0为不开启',
  `create_time` int(10) unsigned DEFAULT NULL COMMENT '创建时间',
  `update_time` int(10) unsigned DEFAULT NULL COMMENT '更新时间',
  `account_name` varchar(20) DEFAULT NULL COMMENT '账户名称',
  `tel` char(11) DEFAULT NULL COMMENT '手机号',
  `email` varchar(30) DEFAULT NULL COMMENT '邮箱',
  `sort` tinyint(3) unsigned DEFAULT NULL COMMENT '排序',
  PRIMARY KEY (`id`)
) ENGINE=InnoDB AUTO_INCREMENT=3 DEFAULT CHARSET=utf8;

/*Data for the table `he_job` */

insert  into `he_job`(`id`,`name`,`executor_key`,`unique_key`,`group`,`handler`,`call_type`,`host`,`port`,`server_name`,`start`,`create_time`,`update_time`,`account_name`,`tel`,`email`,`sort`) values (2,'融合推荐内容更新通知','app_slot','job_gomemqpcSend','gomemqpc','send',2,'10.115.4.71,10.115.4.72',11520,'transfer',NULL,NULL,NULL,NULL,'15333344745','heshaojian@gomeplus.com',1);

/*Table structure for table `he_menu` */

DROP TABLE IF EXISTS `he_menu`;

CREATE TABLE `he_menu` (
  `id` int(11) NOT NULL AUTO_INCREMENT,
  `name` varchar(128) NOT NULL,
  `parent` int(11) DEFAULT NULL,
  `route` varchar(255) DEFAULT NULL,
  `order` int(11) DEFAULT NULL,
  `icon` varchar(128) DEFAULT NULL,
  PRIMARY KEY (`id`),
  KEY `parent` (`parent`),
  CONSTRAINT `he_menu_ibfk_1` FOREIGN KEY (`parent`) REFERENCES `he_menu` (`id`) ON DELETE SET NULL ON UPDATE CASCADE
) ENGINE=InnoDB AUTO_INCREMENT=36 DEFAULT CHARSET=utf8;

/*Data for the table `he_menu` */

insert  into `he_menu`(`id`,`name`,`parent`,`route`,`order`,`icon`) values (1,'权限管理',NULL,NULL,2,'fa fa-bullhorn'),(2,'角色列表',1,'/rbac/role/index',34,'&#xe6bf;'),(3,'路由列表',1,'/rbac/route/index',46,'&#xea3a;'),(4,'权限列表',1,'/rbac/permission/index',33,'&#xe60b;'),(5,'分配权限',1,'/rbac/assignment/index',37,'&#xe609;'),(6,'菜单列表',1,'/rbac/menu/index',36,'&#xe65e;'),(7,'规则列表',1,'/rbac/rule/index',35,'&#xe748;'),(8,'后台用户',1,'/rbac/user/index',32,'&#xe60d;'),(10,'前台用户',14,'/system/user/index',21,'&#xe60d;'),(14,'系统管理',NULL,NULL,1,''),(15,'配置设置',14,'/system/config/index',23,'&#xe609;'),(16,'用户等级',14,'/system/user-rank/index',22,'&#xe629;'),(21,'数据备份',14,'/backup/export/index',24,'&#xe778;'),(22,'数据恢复',14,'/backup/import/index',25,'&#xe777;'),(26,'日志记录',1,'/rbac/log/index',31,'&#xe7b8;'),(31,'自动生成',14,'/gii/default/index',18,'&#xe614;'),(32,'多任务管理',NULL,NULL,3,NULL),(33,'执行器列表',32,'/task/executor/index',1,'fa fa-bluetooth'),(34,'任务列表',32,'/task/job/index',2,'fa fa-codiepie'),(35,'触发器列表',32,'/task/trigger/index',3,'fa fa-credit-card-alt');

/*Table structure for table `he_migration` */

DROP TABLE IF EXISTS `he_migration`;

CREATE TABLE `he_migration` (
  `version` varchar(180) COLLATE utf8_unicode_ci NOT NULL,
  `apply_time` int(11) DEFAULT NULL,
  PRIMARY KEY (`version`)
) ENGINE=MyISAM DEFAULT CHARSET=utf8 COLLATE=utf8_unicode_ci;

/*Data for the table `he_migration` */

insert  into `he_migration`(`version`,`apply_time`) values ('m000000_000000_base',1498633414),('m140602_111327_create_menu_table',1498633912),('m160312_050000_create_user',1498633912),('m140516_214808_actionlog',1506561803);

/*Table structure for table `he_trigger` */

DROP TABLE IF EXISTS `he_trigger`;

CREATE TABLE `he_trigger` (
  `id` int(10) unsigned NOT NULL AUTO_INCREMENT COMMENT '主键自增',
  `name` varchar(20) DEFAULT NULL COMMENT '名称',
  `unique_key` varchar(50) DEFAULT NULL COMMENT '唯一key',
  `task` text COMMENT '任务配置json',
  `account_name` varchar(20) DEFAULT NULL COMMENT '账户名称',
  `create_time` int(10) unsigned DEFAULT NULL COMMENT '创建时间',
  `update_time` int(10) unsigned DEFAULT NULL COMMENT '更新时间',
  `sort` tinyint(3) unsigned DEFAULT NULL COMMENT '排序',
  PRIMARY KEY (`id`)
) ENGINE=InnoDB AUTO_INCREMENT=2 DEFAULT CHARSET=utf8;

/*Data for the table `he_trigger` */

insert  into `he_trigger`(`id`,`name`,`unique_key`,`task`,`account_name`,`create_time`,`update_time`,`sort`) values (1,'圈子首页推荐位触发器','t_group','{\r\n        \"type\": \"slot\",\r\n        \"executor\": \"app_slot\",\r\n        \"jobs\": [\r\n          \"job_gomemqpcSend\",\r\n          \"job_baleSlot\"\r\n        ]\r\n      }',NULL,NULL,NULL,1);

/*Table structure for table `he_user` */

DROP TABLE IF EXISTS `he_user`;

CREATE TABLE `he_user` (
  `id` int(11) unsigned NOT NULL AUTO_INCREMENT,
  `username` varchar(32) COLLATE utf8_unicode_ci NOT NULL,
  `nickname` varchar(32) COLLATE utf8_unicode_ci NOT NULL COMMENT '用户昵称',
  `head_pic` varchar(255) COLLATE utf8_unicode_ci DEFAULT NULL COMMENT '用户头像',
  `auth_key` varchar(32) COLLATE utf8_unicode_ci NOT NULL,
  `password_hash` varchar(255) COLLATE utf8_unicode_ci NOT NULL COMMENT '密码hash',
  `password_reset_token` varchar(255) COLLATE utf8_unicode_ci DEFAULT NULL COMMENT '重置密码凭据',
  `access_token` varchar(100) COLLATE utf8_unicode_ci DEFAULT NULL COMMENT '用户访问数据凭证',
  `mobile` varchar(11) COLLATE utf8_unicode_ci DEFAULT NULL COMMENT '手机号码',
  `email` varchar(255) COLLATE utf8_unicode_ci DEFAULT NULL COMMENT '用户电子邮箱',
  `status` smallint(6) NOT NULL DEFAULT '10' COMMENT '用户状态',
  `r_id` int(11) unsigned NOT NULL COMMENT '用户等级',
  `created_at` int(11) NOT NULL COMMENT '注册账号时间',
  `created_address` varchar(200) COLLATE utf8_unicode_ci DEFAULT NULL COMMENT '注册账号的地点',
  `created_ip` varchar(15) COLLATE utf8_unicode_ci DEFAULT NULL COMMENT '注册账号的IP',
  `last_login_date` int(11) DEFAULT NULL COMMENT '最后一次登录时间',
  `last_login_ip` varchar(15) COLLATE utf8_unicode_ci DEFAULT NULL COMMENT '最后一次登录IP',
  `last_login_address` varchar(200) COLLATE utf8_unicode_ci DEFAULT NULL COMMENT '最后一次登录地点',
  `integral` int(11) DEFAULT '0' COMMENT '积分',
  `balance` decimal(10,0) DEFAULT '0' COMMENT '余额',
  `updated_at` int(11) NOT NULL COMMENT '更新时间',
  PRIMARY KEY (`id`),
  KEY `index` (`id`,`username`,`mobile`,`email`,`r_id`,`status`) USING BTREE
) ENGINE=InnoDB AUTO_INCREMENT=2 DEFAULT CHARSET=utf8 COLLATE=utf8_unicode_ci ROW_FORMAT=DYNAMIC;

/*Data for the table `he_user` */

insert  into `he_user`(`id`,`username`,`nickname`,`head_pic`,`auth_key`,`password_hash`,`password_reset_token`,`access_token`,`mobile`,`email`,`status`,`r_id`,`created_at`,`created_address`,`created_ip`,`last_login_date`,`last_login_ip`,`last_login_address`,`integral`,`balance`,`updated_at`) values (1,'alilinet','Aili','https://resources.alilinet.com/20170609/caec0ef6f07036203d555810fd81c75a.jpg','gOQEd6Q8nKh6J8WnVWbf466wqgXKUh8V','$2y$13$w5oLa8hCsNC3IXM17ADODOjRoNzyGd0rL5A8icjI9UxgGBlMJ5rWO',NULL,'lTn0p3L-HstHiS3EzPHH5kpa7gEUpf1__1537259088','18888888888','alilinet@alilinet.com',10,6,1483534763,'上海市闸北区 电信ADSL','218.81.204.109',1537256688,'101.81.232.103','上海市 电信',0,'0',1537256688);

/*Table structure for table `he_user_rank` */

DROP TABLE IF EXISTS `he_user_rank`;

CREATE TABLE `he_user_rank` (
  `id` int(10) unsigned NOT NULL AUTO_INCREMENT,
  `name` varchar(30) COLLATE utf8_unicode_ci NOT NULL COMMENT '等级名称',
  `score` int(8) NOT NULL COMMENT '积分界限',
  `discount` decimal(6,2) NOT NULL COMMENT '折扣百分比',
  `status` tinyint(1) NOT NULL COMMENT '状态',
  PRIMARY KEY (`id`),
  KEY `index` (`id`,`name`,`discount`,`status`)
) ENGINE=InnoDB AUTO_INCREMENT=7 DEFAULT CHARSET=utf8 COLLATE=utf8_unicode_ci ROW_FORMAT=DYNAMIC;

/*Data for the table `he_user_rank` */

insert  into `he_user_rank`(`id`,`name`,`score`,`discount`,`status`) values (1,'普通会员',0,'1.00',1),(2,'一级会员',2000,'0.95',1),(3,'二级会员',5000,'0.90',1),(4,'VIP会员',10000,'0.85',1),(5,'钻石会员',100000,'0.80',1),(6,'超级会员',10000000,'0.50',1);

/*!40101 SET SQL_MODE=@OLD_SQL_MODE */;
/*!40014 SET FOREIGN_KEY_CHECKS=@OLD_FOREIGN_KEY_CHECKS */;
/*!40014 SET UNIQUE_CHECKS=@OLD_UNIQUE_CHECKS */;
/*!40111 SET SQL_NOTES=@OLD_SQL_NOTES */;
